symbol,name,exchange,index,source_url,as_of,stage
A,Agilent Technologies,US,S&P 500,https://en.wikipedia.org/wiki/List_of_S%26P_500_companies,2026-08-31,0
AAPL,Apple Inc.,US,S&P 500,https://en.wikipedia.org/wiki/List_of_S%26P_500_companies,2026-08-31,0
ABBV,AbbVie,US,S&P 500,https://en.wikipedia.org/wiki/List_of_S%26P_500_companies,2026-08-31,0
ABNB,Airbnb,US,S&P 500,https://en.wikipedia.org/wiki/List_of_S%26P_500_companies,2026-08-31,0
ABT,Abbott Laboratories,US,S&P 500,https://en.wikipedia.org/wiki/List_of_S%26P_500_companies,2026-08-31,0
ACGL,Arch Capital Group,US,S&P 500,https://en.wikipedia.org/wiki/List_of_S%26P_500_companies,2026-08-31,0
ACN,Accenture,US,S&P 500,https://en.wikipedia.org/wiki/List_of_S%26P_500_companies,2026-08-31,0
ADBE,Adobe Inc.,US,S&P 500,https://en.wikipedia.org/wiki/List_of_S%26P_500_companies,2026-08-31,0
ADI,Analog Devices,US,S&P 500,https://en.wikipedia.org/wiki/List_of_S%26P_500_companies,2026-08-31,0
ADM,Archer Daniels Midland,US,S&P 500,https://en.wikipedia.org/wiki/List_of_S%26P_500_companies,2026-08-31,1
ADP,Automatic Data Processing,US,S&P 500,https://en.wikipedia.org/wiki/List_of_S%26P_500_companies,2026-08-31,0
ADSK,Autodesk,US,S&P 500,https://en.wikipedia.org/wiki/List_of_S%26P_500_companies,2026-08-31,0
AEE,Ameren,US,S&P 500,https://en.wikipedia.org/wiki/List_of_S%26P_500_companies,2026-08-31,1
AEP,American Electric Power,US,S&P 500,https://en.wikipedia.org/wiki/List_of_S%26P_500_companies,2026-08-31,0
AES,AES Corporation,US,S&P 500,https://en.wikipedia.org/wiki/List_of_S%26P_500_companies,2026-08-31,0
AFL,Aflac,US,S&P 500,https://en.wikipedia.org/wiki/List_of_S%26P_500_companies,2026-08-31,0
AIG,American International Group,US,S&P 500,https://en.wikipedia.org/wiki/List_of_S%26P_500_companies,2026-08-31,0
AIZ,Assurant,US,S&P 500,https://en.wikipedia.org/wiki/List_of_S%26P_500_companies,2026-08-31,1
AJG,Arthur J. Gallagher & Co.,US,S&P 500,https://en.wikipedia.org/wiki/List_of_S%26P_500_companies,2026-08-31,0
AKAM,Akamai Technologies,US,S&P 500,https://en.wikipedia.org/wiki/List_of_S%26P_500_companies,2026-08-31,0
ALB,Albemarle Corporation,US,S&P 500,https://en.wikipedia.org/wiki/List_of_S%26P_500_companies,2026-08-31,0
ALGN,Align Technology,US,S&P 500,https://en.wikipedia.org/wiki/List_of_S%26P_500_companies,2026-08-31,0
ALL,Allstate,US,S&P 500,https://en.wikipedia.org/wiki/List_of_S%26P_500_companies,2026-08-31,0
ALLE,Allegion,US,S&P 500,https://en.wikipedia.org/wiki/List_of_S%26P_500_companies,2026-08-31,1
AMAT,Applied Materials,US,S&P 500,https://en.wikipedia.org/wiki/List_of_S%26P_500_companies,2026-08-31,0
AMCR,Amcor,US,S&P 500,https://en.wikipedia.org/wiki/List_of_S%26P_500_companies,2026-08-31,1
AMD,Advanced Micro Devices,US,S&P 500,https://en.wikipedia.org/wiki/List_of_S%26P_500_companies,2026-08-31,0
AME,Ametek,US,S&P 500,https://en.wikipedia.org/wiki/List_of_S%26P_500_companies,2026-08-31,0
AMGN,Amgen,US,S&P 500,https://en.wikipedia.org/wiki/List_of_S%26P_500_companies,2026-08-31,0
AMP,Ameriprise Financial,US,S&P 500,https://en.wikipedia.org/wiki/List_of_S%26P_500_companies,2026-08-31,1
AMT,American Tower,US,S&P 500,https://en.wikipedia.org/wiki/List_of_S%26P_500_companies,2026-08-31,0
AMZN,Amazon,US,S&P 500,https://en.wikipedia.org/wiki/List_of_S%26P_500_companies,2026-08-31,0
ANET,Arista Networks,US,S&P 500,https://en.wikipedia.org/wiki/List_of_S%26P_500_companies,2026-08-31,0
AON,Aon plc,US,S&P 500,https://en.wikipedia.org/wiki/List_of_S%26P_500_companies,2026-08-31,0
AOS,A. O. Smith,US,S&P 500,https://en.wikipedia.org/wiki/List_of_S%26P_500_companies,2026-08-31,0
APA,APA Corporation,US,S&P 500,https://en.wikipedia.org/wiki/List_of_S%26P_500_companies,2026-08-31,1
APD,Air Products,US,S&P 500,https://en.wikipedia.org/wiki/List_of_S%26P_500_companies,2026-08-31,0
APH,Amphenol,US,S&P 500,https://en.wikipedia.org/wiki/List_of_S%26P_500_companies,2026-08-31,0
APO,Apollo Global Management,US,S&P 500,https://en.wikipedia.org/wiki/List_of_S%26P_500_companies,2026-08-31,0
APP,AppLovin,US,S&P 500,https://en.wikipedia.org/wiki/List_of_S%26P_500_companies,2026-08-31,0
APTV,Aptiv,US,S&P 500,https://en.wikipedia.org/wiki/List_of_S%26P_500_companies,2026-08-31,1
ARE,Alexandria Real Estate Equities,US,S&P 500,https://en.wikipedia.org/wiki/List_of_S%26P_500_companies,2026-08-31,1
ARES,Ares Management,US,S&P 500,https://en.wikipedia.org/wiki/List_of_S%26P_500_companies,2026-08-31,0
ATO,Atmos Energy,US,S&P 500,https://en.wikipedia.org/wiki/List_of_S%26P_500_companies,2026-08-31,1
AVGO,Broadcom,US,S&P 500,https://en.wikipedia.org/wiki/List_of_S%26P_500_companies,2026-08-31,0
AVY,Avery Dennison,US,S&P 500,https://en.wikipedia.org/wiki/List_of_S%26P_500_companies,2026-08-31,1
AWK,American Water Works,US,S&P 500,https://en.wikipedia.org/wiki/List_of_S%26P_500_companies,2026-08-31,1
AXON,Axon Enterprise,US,S&P 500,https://en.wikipedia.org/wiki/List_of_S%26P_500_companies,2026-08-31,0
AXP,American Express,US,S&P 500,https://en.wikipedia.org/wiki/List_of_S%26P_500_companies,2026-08-31,0
AZO,AutoZone,US,S&P 500,https://en.wikipedia.org/wiki/List_of_S%26P_500_companies,2026-08-31,0
BA,Boeing,US,S&P 500,https://en.wikipedia.org/wiki/List_of_S%26P_500_companies,2026-08-31,0
BAC,Bank of America,US,S&P 500,https://en.wikipedia.org/wiki/List_of_S%26P_500_companies,2026-08-31,0
BALL,Ball Corporation,US,S&P 500,https://en.wikipedia.org/wiki/List_of_S%26P_500_companies,2026-08-31,1
BAX,Baxter International,US,S&P 500,https://en.wikipedia.org/wiki/List_of_S%26P_500_companies,2026-08-31,1
BBY,Best Buy,US,S&P 500,https://en.wikipedia.org/wiki/List_of_S%26P_500_companies,2026-08-31,1
BDX,Becton Dickinson,US,S&P 500,https://en.wikipedia.org/wiki/List_of_S%26P_500_companies,2026-08-31,0
BEN,Franklin Resources,US,S&P 500,https://en.wikipedia.org/wiki/List_of_S%26P_500_companies,2026-08-31,1
BF-B,Brown–Forman,US,S&P 500,https://en.wikipedia.org/wiki/List_of_S%26P_500_companies,2026-08-31,1
BG,Bunge Global,US,S&P 500,https://en.wikipedia.org/wiki/List_of_S%26P_500_companies,2026-08-31,1
BIIB,Biogen,US,S&P 500,https://en.wikipedia.org/wiki/List_of_S%26P_500_companies,2026-08-31,1
BKNG,Booking Holdings,US,S&P 500,https://en.wikipedia.org/wiki/List_of_S%26P_500_companies,2026-08-31,0
BKR,Baker Hughes,US,S&P 500,https://en.wikipedia.org/wiki/List_of_S%26P_500_companies,2026-08-31,0
BLDR,Builders FirstSource,US,S&P 500,https://en.wikipedia.org/wiki/List_of_S%26P_500_companies,2026-08-31,1
BLK,BlackRock,US,S&P 500,https://en.wikipedia.org/wiki/List_of_S%26P_500_companies,2026-08-31,0
BMY,Bristol Myers Squibb,US,S&P 500,https://en.wikipedia.org/wiki/List_of_S%26P_500_companies,2026-08-31,0
BNY,BNY Mellon,US,S&P 500,https://en.wikipedia.org/wiki/List_of_S%26P_500_companies,2026-08-31,1
BR,Broadridge Financial Solutions,US,S&P 500,https://en.wikipedia.org/wiki/List_of_S%26P_500_companies,2026-08-31,1
BRK-B,Berkshire Hathaway,US,S&P 500,https://en.wikipedia.org/wiki/List_of_S%26P_500_companies,2026-08-31,0
BRO,Brown & Brown,US,S&P 500,https://en.wikipedia.org/wiki/List_of_S%26P_500_companies,2026-08-31,1
BSX,Boston Scientific,US,S&P 500,https://en.wikipedia.org/wiki/List_of_S%26P_500_companies,2026-08-31,0
BX,Blackstone Inc.,US,S&P 500,https://en.wikipedia.org/wiki/List_of_S%26P_500_companies,2026-08-31,0
BXP,"BXP, Inc.",US,S&P 500,https://en.wikipedia.org/wiki/List_of_S%26P_500_companies,2026-08-31,1
C,Citigroup,US,S&P 500,https://en.wikipedia.org/wiki/List_of_S%26P_500_companies,2026-08-31,0
CAH,Cardinal Health,US,S&P 500,https://en.wikipedia.org/wiki/List_of_S%26P_500_companies,2026-08-31,1
CARR,Carrier Global,US,S&P 500,https://en.wikipedia.org/wiki/List_of_S%26P_500_companies,2026-08-31,0
CASY,Casey's,US,S&P 500,https://en.wikipedia.org/wiki/List_of_S%26P_500_companies,2026-08-31,1
CAT,Caterpillar Inc.,US,S&P 500,https://en.wikipedia.org/wiki/List_of_S%26P_500_companies,2026-08-31,0
CB,Chubb Limited,US,S&P 500,https://en.wikipedia.org/wiki/List_of_S%26P_500_companies,2026-08-31,0
CBOE,Cboe Global Markets,US,S&P 500,https://en.wikipedia.org/wiki/List_of_S%26P_500_companies,2026-08-31,1
CBRE,CBRE Group,US,S&P 500,https://en.wikipedia.org/wiki/List_of_S%26P_500_companies,2026-08-31,1
CCI,Crown Castle,US,S&P 500,https://en.wikipedia.org/wiki/List_of_S%26P_500_companies,2026-08-31,0
CCL,Carnival Corporation,US,S&P 500,https://en.wikipedia.org/wiki/List_of_S%26P_500_companies,2026-08-31,0
CDNS,Cadence Design Systems,US,S&P 500,https://en.wikipedia.org/wiki/List_of_S%26P_500_companies,2026-08-31,0
CDW,CDW Corporation,US,S&P 500,https://en.wikipedia.org/wiki/List_of_S%26P_500_companies,2026-08-31,1
CEG,Constellation Energy,US,S&P 500,https://en.wikipedia.org/wiki/List_of_S%26P_500_companies,2026-08-31,0
CF,CF Industries,US,S&P 500,https://en.wikipedia.org/wiki/List_of_S%26P_500_companies,2026-08-31,0
CFG,Citizens Financial Group,US,S&P 500,https://en.wikipedia.org/wiki/List_of_S%26P_500_companies,2026-08-31,1
CHD,Church & Dwight,US,S&P 500,https://en.wikipedia.org/wiki/List_of_S%26P_500_companies,2026-08-31,1
CHRW,C.H. Robinson,US,S&P 500,https://en.wikipedia.org/wiki/List_of_S%26P_500_companies,2026-08-31,1
CHTR,Charter Communications,US,S&P 500,https://en.wikipedia.org/wiki/List_of_S%26P_500_companies,2026-08-31,0
CI,Cigna,US,S&P 500,https://en.wikipedia.org/wiki/List_of_S%26P_500_companies,2026-08-31,0
CIEN,Ciena,US,S&P 500,https://en.wikipedia.org/wiki/List_of_S%26P_500_companies,2026-08-31,0
CINF,Cincinnati Financial,US,S&P 500,https://en.wikipedia.org/wiki/List_of_S%26P_500_companies,2026-08-31,1
CL,Colgate-Palmolive,US,S&P 500,https://en.wikipedia.org/wiki/List_of_S%26P_500_companies,2026-08-31,0
CLX,Clorox,US,S&P 500,https://en.wikipedia.org/wiki/List_of_S%26P_500_companies,2026-08-31,1
CMCSA,Comcast,US,S&P 500,https://en.wikipedia.org/wiki/List_of_S%26P_500_companies,2026-08-31,0
CME,CME Group,US,S&P 500,https://en.wikipedia.org/wiki/List_of_S%26P_500_companies,2026-08-31,0
CMG,Chipotle Mexican Grill,US,S&P 500,https://en.wikipedia.org/wiki/List_of_S%26P_500_companies,2026-08-31,0
CMI,Cummins,US,S&P 500,https://en.wikipedia.org/wiki/List_of_S%26P_500_companies,2026-08-31,0
CMS,CMS Energy,US,S&P 500,https://en.wikipedia.org/wiki/List_of_S%26P_500_companies,2026-08-31,1
CNC,Centene Corporation,US,S&P 500,https://en.wikipedia.org/wiki/List_of_S%26P_500_companies,2026-08-31,1
CNP,CenterPoint Energy,US,S&P 500,https://en.wikipedia.org/wiki/List_of_S%26P_500_companies,2026-08-31,1
COF,Capital One,US,S&P 500,https://en.wikipedia.org/wiki/List_of_S%26P_500_companies,2026-08-31,1
COHR,Coherent Corp.,US,S&P 500,https://en.wikipedia.org/wiki/List_of_S%26P_500_companies,2026-08-31,0
COIN,Coinbase,US,S&P 500,https://en.wikipedia.org/wiki/List_of_S%26P_500_companies,2026-08-31,0
COO,Cooper Companies (The),US,S&P 500,https://en.wikipedia.org/wiki/List_of_S%26P_500_companies,2026-08-31,1
COP,ConocoPhillips,US,S&P 500,https://en.wikipedia.org/wiki/List_of_S%26P_500_companies,2026-08-31,0
COR,Cencora,US,S&P 500,https://en.wikipedia.org/wiki/List_of_S%26P_500_companies,2026-08-31,1
COST,Costco,US,S&P 500,https://en.wikipedia.org/wiki/List_of_S%26P_500_companies,2026-08-31,0
CPAY,Corpay,US,S&P 500,https://en.wikipedia.org/wiki/List_of_S%26P_500_companies,2026-08-31,1
CPRT,Copart,US,S&P 500,https://en.wikipedia.org/wiki/List_of_S%26P_500_companies,2026-08-31,1
CPT,Camden Property Trust,US,S&P 500,https://en.wikipedia.org/wiki/List_of_S%26P_500_companies,2026-08-31,1
CRH,CRH plc,US,S&P 500,https://en.wikipedia.org/wiki/List_of_S%26P_500_companies,2026-08-31,0
CRL,Charles River Laboratories,US,S&P 500,https://en.wikipedia.org/wiki/List_of_S%26P_500_companies,2026-08-31,0
CRM,Salesforce,US,S&P 500,https://en.wikipedia.org/wiki/List_of_S%26P_500_companies,2026-08-31,0
CRWD,CrowdStrike,US,S&P 500,https://en.wikipedia.org/wiki/List_of_S%26P_500_companies,2026-08-31,0
CSCO,Cisco,US,S&P 500,https://en.wikipedia.org/wiki/List_of_S%26P_500_companies,2026-08-31,0
CSGP,CoStar Group,US,S&P 500,https://en.wikipedia.org/wiki/List_of_S%26P_500_companies,2026-08-31,1
CSX,CSX Corporation,US,S&P 500,https://en.wikipedia.org/wiki/List_of_S%26P_500_companies,2026-08-31,0
CTAS,Cintas,US,S&P 500,https://en.wikipedia.org/wiki/List_of_S%26P_500_companies,2026-08-31,1
CTSH,Cognizant,US,S&P 500,https://en.wikipedia.org/wiki/List_of_S%26P_500_companies,2026-08-31,1
CTVA,Corteva,US,S&P 500,https://en.wikipedia.org/wiki/List_of_S%26P_500_companies,2026-08-31,0
CVNA,Carvana,US,S&P 500,https://en.wikipedia.org/wiki/List_of_S%26P_500_companies,2026-08-31,0
CVS,CVS Health,US,S&P 500,https://en.wikipedia.org/wiki/List_of_S%26P_500_companies,2026-08-31,0
CVX,Chevron Corporation,US,S&P 500,https://en.wikipedia.org/wiki/List_of_S%26P_500_companies,2026-08-31,0
D,Dominion Energy,US,S&P 500,https://en.wikipedia.org/wiki/List_of_S%26P_500_companies,2026-08-31,0
DAL,Delta Air Lines,US,S&P 500,https://en.wikipedia.org/wiki/List_of_S%26P_500_companies,2026-08-31,0
DASH,DoorDash,US,S&P 500,https://en.wikipedia.org/wiki/List_of_S%26P_500_companies,2026-08-31,0
DD,DuPont,US,S&P 500,https://en.wikipedia.org/wiki/List_of_S%26P_500_companies,2026-08-31,0
DDOG,Datadog,US,S&P 500,https://en.wikipedia.org/wiki/List_of_S%26P_500_companies,2026-08-31,0
DE,Deere & Company,US,S&P 500,https://en.wikipedia.org/wiki/List_of_S%26P_500_companies,2026-08-31,0
DECK,Deckers Brands,US,S&P 500,https://en.wikipedia.org/wiki/List_of_S%26P_500_companies,2026-08-31,0
DELL,Dell Technologies,US,S&P 500,https://en.wikipedia.org/wiki/List_of_S%26P_500_companies,2026-08-31,0
DG,Dollar General,US,S&P 500,https://en.wikipedia.org/wiki/List_of_S%26P_500_companies,2026-08-31,1
DGX,Quest Diagnostics,US,S&P 500,https://en.wikipedia.org/wiki/List_of_S%26P_500_companies,2026-08-31,0
DHI,D. R. Horton,US,S&P 500,https://en.wikipedia.org/wiki/List_of_S%26P_500_companies,2026-08-31,1
DHR,Danaher Corporation,US,S&P 500,https://en.wikipedia.org/wiki/List_of_S%26P_500_companies,2026-08-31,0
DIS,Walt Disney Company (The),US,S&P 500,https://en.wikipedia.org/wiki/List_of_S%26P_500_companies,2026-08-31,0
DLR,Digital Realty,US,S&P 500,https://en.wikipedia.org/wiki/List_of_S%26P_500_companies,2026-08-31,0
DLTR,Dollar Tree,US,S&P 500,https://en.wikipedia.org/wiki/List_of_S%26P_500_companies,2026-08-31,0
DOC,Healthpeak Properties,US,S&P 500,https://en.wikipedia.org/wiki/List_of_S%26P_500_companies,2026-08-31,1
DOV,Dover Corporation,US,S&P 500,https://en.wikipedia.org/wiki/List_of_S%26P_500_companies,2026-08-31,0
DOW,Dow Inc.,US,S&P 500,https://en.wikipedia.org/wiki/List_of_S%26P_500_companies,2026-08-31,0
DPZ,Domino's,US,S&P 500,https://en.wikipedia.org/wiki/List_of_S%26P_500_companies,2026-08-31,0
DRI,Darden Restaurants,US,S&P 500,https://en.wikipedia.org/wiki/List_of_S%26P_500_companies,2026-08-31,0
DTE,DTE Energy,US,S&P 500,https://en.wikipedia.org/wiki/List_of_S%26P_500_companies,2026-08-31,1
DUK,Duke Energy,US,S&P 500,https://en.wikipedia.org/wiki/List_of_S%26P_500_companies,2026-08-31,0
DVA,DaVita,US,S&P 500,https://en.wikipedia.org/wiki/List_of_S%26P_500_companies,2026-08-31,1
DVN,Devon Energy,US,S&P 500,https://en.wikipedia.org/wiki/List_of_S%26P_500_companies,2026-08-31,0
DXCM,Dexcom,US,S&P 500,https://en.wikipedia.org/wiki/List_of_S%26P_500_companies,2026-08-31,0
EBAY,eBay Inc.,US,S&P 500,https://en.wikipedia.org/wiki/List_of_S%26P_500_companies,2026-08-31,0
ECHO,EchoStar,US,S&P 500,https://en.wikipedia.org/wiki/List_of_S%26P_500_companies,2026-08-31,1
ECL,Ecolab,US,S&P 500,https://en.wikipedia.org/wiki/List_of_S%26P_500_companies,2026-08-31,1
ED,Consolidated Edison,US,S&P 500,https://en.wikipedia.org/wiki/List_of_S%26P_500_companies,2026-08-31,1
EFX,Equifax,US,S&P 500,https://en.wikipedia.org/wiki/List_of_S%26P_500_companies,2026-08-31,1
EG,Everest Group,US,S&P 500,https://en.wikipedia.org/wiki/List_of_S%26P_500_companies,2026-08-31,1
EIX,Edison International,US,S&P 500,https://en.wikipedia.org/wiki/List_of_S%26P_500_companies,2026-08-31,0
EL,Estée Lauder Companies (The),US,S&P 500,https://en.wikipedia.org/wiki/List_of_S%26P_500_companies,2026-08-31,1
ELV,Elevance Health,US,S&P 500,https://en.wikipedia.org/wiki/List_of_S%26P_500_companies,2026-08-31,0
EME,Emcor,US,S&P 500,https://en.wikipedia.org/wiki/List_of_S%26P_500_companies,2026-08-31,0
EMR,Emerson Electric,US,S&P 500,https://en.wikipedia.org/wiki/List_of_S%26P_500_companies,2026-08-31,0
EOG,EOG Resources,US,S&P 500,https://en.wikipedia.org/wiki/List_of_S%26P_500_companies,2026-08-31,0
EQIX,Equinix,US,S&P 500,https://en.wikipedia.org/wiki/List_of_S%26P_500_companies,2026-08-31,0
EQT,EQT Corporation,US,S&P 500,https://en.wikipedia.org/wiki/List_of_S%26P_500_companies,2026-08-31,1
ERIE,Erie Indemnity,US,S&P 500,https://en.wikipedia.org/wiki/List_of_S%26P_500_companies,2026-08-31,1
ES,Eversource Energy,US,S&P 500,https://en.wikipedia.org/wiki/List_of_S%26P_500_companies,2026-08-31,1
ESS,Essex Property Trust,US,S&P 500,https://en.wikipedia.org/wiki/List_of_S%26P_500_companies,2026-08-31,1
ETN,Eaton Corporation,US,S&P 500,https://en.wikipedia.org/wiki/List_of_S%26P_500_companies,2026-08-31,0
ETR,Entergy,US,S&P 500,https://en.wikipedia.org/wiki/List_of_S%26P_500_companies,2026-08-31,0
EVRG,Evergy,US,S&P 500,https://en.wikipedia.org/wiki/List_of_S%26P_500_companies,2026-08-31,1
EW,Edwards Lifesciences,US,S&P 500,https://en.wikipedia.org/wiki/List_of_S%26P_500_companies,2026-08-31,0
EXC,Exelon,US,S&P 500,https://en.wikipedia.org/wiki/List_of_S%26P_500_companies,2026-08-31,0
EXE,Expand Energy,US,S&P 500,https://en.wikipedia.org/wiki/List_of_S%26P_500_companies,2026-08-31,1
EXPD,Expeditors International,US,S&P 500,https://en.wikipedia.org/wiki/List_of_S%26P_500_companies,2026-08-31,1
EXPE,Expedia Group,US,S&P 500,https://en.wikipedia.org/wiki/List_of_S%26P_500_companies,2026-08-31,0
EXR,Extra Space Storage,US,S&P 500,https://en.wikipedia.org/wiki/List_of_S%26P_500_companies,2026-08-31,0
F,Ford Motor Company,US,S&P 500,https://en.wikipedia.org/wiki/List_of_S%26P_500_companies,2026-08-31,1
FANG,Diamondback Energy,US,S&P 500,https://en.wikipedia.org/wiki/List_of_S%26P_500_companies,2026-08-31,0
FAST,Fastenal,US,S&P 500,https://en.wikipedia.org/wiki/List_of_S%26P_500_companies,2026-08-31,0
FCX,Freeport-McMoRan,US,S&P 500,https://en.wikipedia.org/wiki/List_of_S%26P_500_companies,2026-08-31,0
FDS,FactSet,US,S&P 500,https://en.wikipedia.org/wiki/List_of_S%26P_500_companies,2026-08-31,1
FDX,FedEx,US,S&P 500,https://en.wikipedia.org/wiki/List_of_S%26P_500_companies,2026-08-31,0
FDXF,FedEx Freight,US,S&P 500,https://en.wikipedia.org/wiki/List_of_S%26P_500_companies,2026-08-31,1
FE,FirstEnergy,US,S&P 500,https://en.wikipedia.org/wiki/List_of_S%26P_500_companies,2026-08-31,1
FERG,Ferguson Enterprises,US,S&P 500,https://en.wikipedia.org/wiki/List_of_S%26P_500_companies,2026-08-31,1
FFIV,"F5, Inc.",US,S&P 500,https://en.wikipedia.org/wiki/List_of_S%26P_500_companies,2026-08-31,0
FICO,Fair Isaac,US,S&P 500,https://en.wikipedia.org/wiki/List_of_S%26P_500_companies,2026-08-31,1
FIS,Fidelity National Information Services,US,S&P 500,https://en.wikipedia.org/wiki/List_of_S%26P_500_companies,2026-08-31,0
FISV,Fiserv,US,S&P 500,https://en.wikipedia.org/wiki/List_of_S%26P_500_companies,2026-08-31,1
FITB,Fifth Third Bancorp,US,S&P 500,https://en.wikipedia.org/wiki/List_of_S%26P_500_companies,2026-08-31,1
FIX,Comfort Systems USA,US,S&P 500,https://en.wikipedia.org/wiki/List_of_S%26P_500_companies,2026-08-31,0
FLEX,Flex Ltd.,US,S&P 500,https://en.wikipedia.org/wiki/List_of_S%26P_500_companies,2026-08-31,0
FOX,Fox Corporation (Class B),US,S&P 500,https://en.wikipedia.org/wiki/List_of_S%26P_500_companies,2026-08-31,1
FOXA,Fox Corporation (Class A),US,S&P 500,https://en.wikipedia.org/wiki/List_of_S%26P_500_companies,2026-08-31,0
FRT,Federal Realty Investment Trust,US,S&P 500,https://en.wikipedia.org/wiki/List_of_S%26P_500_companies,2026-08-31,1
FSLR,First Solar,US,S&P 500,https://en.wikipedia.org/wiki/List_of_S%26P_500_companies,2026-08-31,0
FTNT,Fortinet,US,S&P 500,https://en.wikipedia.org/wiki/List_of_S%26P_500_companies,2026-08-31,0
FTV,Fortive,US,S&P 500,https://en.wikipedia.org/wiki/List_of_S%26P_500_companies,2026-08-31,1
GD,General Dynamics,US,S&P 500,https://en.wikipedia.org/wiki/List_of_S%26P_500_companies,2026-08-31,0
GDDY,GoDaddy,US,S&P 500,https://en.wikipedia.org/wiki/List_of_S%26P_500_companies,2026-08-31,0
GE,GE Aerospace,US,S&P 500,https://en.wikipedia.org/wiki/List_of_S%26P_500_companies,2026-08-31,0
GEHC,GE HealthCare,US,S&P 500,https://en.wikipedia.org/wiki/List_of_S%26P_500_companies,2026-08-31,0
GEN,Gen Digital,US,S&P 500,https://en.wikipedia.org/wiki/List_of_S%26P_500_companies,2026-08-31,1
GEV,GE Vernova,US,S&P 500,https://en.wikipedia.org/wiki/List_of_S%26P_500_companies,2026-08-31,0
GILD,Gilead Sciences,US,S&P 500,https://en.wikipedia.org/wiki/List_of_S%26P_500_companies,2026-08-31,0
GIS,General Mills,US,S&P 500,https://en.wikipedia.org/wiki/List_of_S%26P_500_companies,2026-08-31,0
GL,Globe Life,US,S&P 500,https://en.wikipedia.org/wiki/List_of_S%26P_500_companies,2026-08-31,1
GLW,Corning Inc.,US,S&P 500,https://en.wikipedia.org/wiki/List_of_S%26P_500_companies,2026-08-31,0
GM,General Motors,US,S&P 500,https://en.wikipedia.org/wiki/List_of_S%26P_500_companies,2026-08-31,0
GNRC,Generac,US,S&P 500,https://en.wikipedia.org/wiki/List_of_S%26P_500_companies,2026-08-31,0
GOOG,Alphabet Inc. (Class C),US,S&P 500,https://en.wikipedia.org/wiki/List_of_S%26P_500_companies,2026-08-31,1
GOOGL,Alphabet Inc. (Class A),US,S&P 500,https://en.wikipedia.org/wiki/List_of_S%26P_500_companies,2026-08-31,0
GPC,Genuine Parts Company,US,S&P 500,https://en.wikipedia.org/wiki/List_of_S%26P_500_companies,2026-08-31,1
GPN,Global Payments,US,S&P 500,https://en.wikipedia.org/wiki/List_of_S%26P_500_companies,2026-08-31,0
GRMN,Garmin,US,S&P 500,https://en.wikipedia.org/wiki/List_of_S%26P_500_companies,2026-08-31,1
GS,Goldman Sachs,US,S&P 500,https://en.wikipedia.org/wiki/List_of_S%26P_500_companies,2026-08-31,0
GWW,W. W. Grainger,US,S&P 500,https://en.wikipedia.org/wiki/List_of_S%26P_500_companies,2026-08-31,0
HAL,Halliburton,US,S&P 500,https://en.wikipedia.org/wiki/List_of_S%26P_500_companies,2026-08-31,1
HAS,Hasbro,US,S&P 500,https://en.wikipedia.org/wiki/List_of_S%26P_500_companies,2026-08-31,0
HBAN,Huntington Bancshares,US,S&P 500,https://en.wikipedia.org/wiki/List_of_S%26P_500_companies,2026-08-31,1
HCA,HCA Healthcare,US,S&P 500,https://en.wikipedia.org/wiki/List_of_S%26P_500_companies,2026-08-31,0
HD,Home Depot (The),US,S&P 500,https://en.wikipedia.org/wiki/List_of_S%26P_500_companies,2026-08-31,0
HIG,Hartford (The),US,S&P 500,https://en.wikipedia.org/wiki/List_of_S%26P_500_companies,2026-08-31,0
HII,Huntington Ingalls Industries,US,S&P 500,https://en.wikipedia.org/wiki/List_of_S%26P_500_companies,2026-08-31,0
HLT,Hilton Worldwide,US,S&P 500,https://en.wikipedia.org/wiki/List_of_S%26P_500_companies,2026-08-31,0
HON,Honeywell Technologies,US,S&P 500,https://en.wikipedia.org/wiki/List_of_S%26P_500_companies,2026-08-31,0
HONA,Honeywell Aerospace,US,S&P 500,https://en.wikipedia.org/wiki/List_of_S%26P_500_companies,2026-08-31,1
HOOD,Robinhood Markets,US,S&P 500,https://en.wikipedia.org/wiki/List_of_S%26P_500_companies,2026-08-31,0
HPE,Hewlett Packard Enterprise,US,S&P 500,https://en.wikipedia.org/wiki/List_of_S%26P_500_companies,2026-08-31,0
HPQ,HP Inc.,US,S&P 500,https://en.wikipedia.org/wiki/List_of_S%26P_500_companies,2026-08-31,0
HRL,Hormel Foods,US,S&P 500,https://en.wikipedia.org/wiki/List_of_S%26P_500_companies,2026-08-31,1
HSIC,Henry Schein,US,S&P 500,https://en.wikipedia.org/wiki/List_of_S%26P_500_companies,2026-08-31,1
HST,Host Hotels & Resorts,US,S&P 500,https://en.wikipedia.org/wiki/List_of_S%26P_500_companies,2026-08-31,0
HSY,Hershey Company (The),US,S&P 500,https://en.wikipedia.org/wiki/List_of_S%26P_500_companies,2026-08-31,0
HUBB,Hubbell Incorporated,US,S&P 500,https://en.wikipedia.org/wiki/List_of_S%26P_500_companies,2026-08-31,0
HUM,Humana,US,S&P 500,https://en.wikipedia.org/wiki/List_of_S%26P_500_companies,2026-08-31,1
HWM,Howmet Aerospace,US,S&P 500,https://en.wikipedia.org/wiki/List_of_S%26P_500_companies,2026-08-31,0
IBKR,Interactive Brokers,US,S&P 500,https://en.wikipedia.org/wiki/List_of_S%26P_500_companies,2026-08-31,1
IBM,IBM,US,S&P 500,https://en.wikipedia.org/wiki/List_of_S%26P_500_companies,2026-08-31,0
ICE,Intercontinental Exchange,US,S&P 500,https://en.wikipedia.org/wiki/List_of_S%26P_500_companies,2026-08-31,0
IDXX,Idexx Laboratories,US,S&P 500,https://en.wikipedia.org/wiki/List_of_S%26P_500_companies,2026-08-31,0
IEX,IDEX Corporation,US,S&P 500,https://en.wikipedia.org/wiki/List_of_S%26P_500_companies,2026-08-31,0
IFF,International Flavors & Fragrances,US,S&P 500,https://en.wikipedia.org/wiki/List_of_S%26P_500_companies,2026-08-31,1
INCY,Incyte,US,S&P 500,https://en.wikipedia.org/wiki/List_of_S%26P_500_companies,2026-08-31,1
INTC,Intel,US,S&P 500,https://en.wikipedia.org/wiki/List_of_S%26P_500_companies,2026-08-31,0
INTU,Intuit,US,S&P 500,https://en.wikipedia.org/wiki/List_of_S%26P_500_companies,2026-08-31,0
INVH,Invitation Homes,US,S&P 500,https://en.wikipedia.org/wiki/List_of_S%26P_500_companies,2026-08-31,0
IP,International Paper,US,S&P 500,https://en.wikipedia.org/wiki/List_of_S%26P_500_companies,2026-08-31,1
IQV,IQVIA,US,S&P 500,https://en.wikipedia.org/wiki/List_of_S%26P_500_companies,2026-08-31,0
IR,Ingersoll Rand,US,S&P 500,https://en.wikipedia.org/wiki/List_of_S%26P_500_companies,2026-08-31,0
IRM,Iron Mountain,US,S&P 500,https://en.wikipedia.org/wiki/List_of_S%26P_500_companies,2026-08-31,0
ISRG,Intuitive Surgical,US,S&P 500,https://en.wikipedia.org/wiki/List_of_S%26P_500_companies,2026-08-31,0
IT,Gartner,US,S&P 500,https://en.wikipedia.org/wiki/List_of_S%26P_500_companies,2026-08-31,1
ITW,Illinois Tool Works,US,S&P 500,https://en.wikipedia.org/wiki/List_of_S%26P_500_companies,2026-08-31,0
IVZ,Invesco,US,S&P 500,https://en.wikipedia.org/wiki/List_of_S%26P_500_companies,2026-08-31,1
J,Jacobs Solutions,US,S&P 500,https://en.wikipedia.org/wiki/List_of_S%26P_500_companies,2026-08-31,1
JBHT,J.B. Hunt,US,S&P 500,https://en.wikipedia.org/wiki/List_of_S%26P_500_companies,2026-08-31,1
JBL,Jabil,US,S&P 500,https://en.wikipedia.org/wiki/List_of_S%26P_500_companies,2026-08-31,0
JCI,Johnson Controls,US,S&P 500,https://en.wikipedia.org/wiki/List_of_S%26P_500_companies,2026-08-31,0
JKHY,Jack Henry & Associates,US,S&P 500,https://en.wikipedia.org/wiki/List_of_S%26P_500_companies,2026-08-31,0
JNJ,Johnson & Johnson,US,S&P 500,https://en.wikipedia.org/wiki/List_of_S%26P_500_companies,2026-08-31,0
JPM,JPMorgan Chase,US,S&P 500,https://en.wikipedia.org/wiki/List_of_S%26P_500_companies,2026-08-31,0
KDP,Keurig Dr Pepper,US,S&P 500,https://en.wikipedia.org/wiki/List_of_S%26P_500_companies,2026-08-31,0
KEY,KeyCorp,US,S&P 500,https://en.wikipedia.org/wiki/List_of_S%26P_500_companies,2026-08-31,1
KEYS,Keysight Technologies,US,S&P 500,https://en.wikipedia.org/wiki/List_of_S%26P_500_companies,2026-08-31,1
KHC,Kraft Heinz,US,S&P 500,https://en.wikipedia.org/wiki/List_of_S%26P_500_companies,2026-08-31,1
KIM,Kimco Realty,US,S&P 500,https://en.wikipedia.org/wiki/List_of_S%26P_500_companies,2026-08-31,0
KKR,KKR & Co.,US,S&P 500,https://en.wikipedia.org/wiki/List_of_S%26P_500_companies,2026-08-31,0
KLAC,KLA Corporation,US,S&P 500,https://en.wikipedia.org/wiki/List_of_S%26P_500_companies,2026-08-31,0
KMB,Kimberly-Clark,US,S&P 500,https://en.wikipedia.org/wiki/List_of_S%26P_500_companies,2026-08-31,0
KMI,Kinder Morgan,US,S&P 500,https://en.wikipedia.org/wiki/List_of_S%26P_500_companies,2026-08-31,0
KO,Coca-Cola Company (The),US,S&P 500,https://en.wikipedia.org/wiki/List_of_S%26P_500_companies,2026-08-31,0
KR,Kroger,US,S&P 500,https://en.wikipedia.org/wiki/List_of_S%26P_500_companies,2026-08-31,1
KVUE,Kenvue,US,S&P 500,https://en.wikipedia.org/wiki/List_of_S%26P_500_companies,2026-08-31,0
L,Loews Corporation,US,S&P 500,https://en.wikipedia.org/wiki/List_of_S%26P_500_companies,2026-08-31,1
LDOS,Leidos,US,S&P 500,https://en.wikipedia.org/wiki/List_of_S%26P_500_companies,2026-08-31,0
LEN,Lennar,US,S&P 500,https://en.wikipedia.org/wiki/List_of_S%26P_500_companies,2026-08-31,1
LH,Labcorp,US,S&P 500,https://en.wikipedia.org/wiki/List_of_S%26P_500_companies,2026-08-31,0
LHX,L3Harris,US,S&P 500,https://en.wikipedia.org/wiki/List_of_S%26P_500_companies,2026-08-31,0
LII,Lennox International,US,S&P 500,https://en.wikipedia.org/wiki/List_of_S%26P_500_companies,2026-08-31,0
LIN,Linde plc,US,S&P 500,https://en.wikipedia.org/wiki/List_of_S%26P_500_companies,2026-08-31,0
LITE,Lumentum,US,S&P 500,https://en.wikipedia.org/wiki/List_of_S%26P_500_companies,2026-08-31,0
LLY,Lilly (Eli),US,S&P 500,https://en.wikipedia.org/wiki/List_of_S%26P_500_companies,2026-08-31,0
LMT,Lockheed Martin,US,S&P 500,https://en.wikipedia.org/wiki/List_of_S%26P_500_companies,2026-08-31,0
LNT,Alliant Energy,US,S&P 500,https://en.wikipedia.org/wiki/List_of_S%26P_500_companies,2026-08-31,1
LOW,Lowe's,US,S&P 500,https://en.wikipedia.org/wiki/List_of_S%26P_500_companies,2026-08-31,0
LRCX,Lam Research,US,S&P 500,https://en.wikipedia.org/wiki/List_of_S%26P_500_companies,2026-08-31,0
LULU,Lululemon Athletica,US,S&P 500,https://en.wikipedia.org/wiki/List_of_S%26P_500_companies,2026-08-31,0
LUV,Southwest Airlines,US,S&P 500,https://en.wikipedia.org/wiki/List_of_S%26P_500_companies,2026-08-31,0
LVS,Las Vegas Sands,US,S&P 500,https://en.wikipedia.org/wiki/List_of_S%26P_500_companies,2026-08-31,1
LYB,LyondellBasell,US,S&P 500,https://en.wikipedia.org/wiki/List_of_S%26P_500_companies,2026-08-31,0
LYV,Live Nation Entertainment,US,S&P 500,https://en.wikipedia.org/wiki/List_of_S%26P_500_companies,2026-08-31,0
MA,Mastercard,US,S&P 500,https://en.wikipedia.org/wiki/List_of_S%26P_500_companies,2026-08-31,0
MAA,Mid-America Apartment Communities,US,S&P 500,https://en.wikipedia.org/wiki/List_of_S%26P_500_companies,2026-08-31,0
MAR,Marriott International,US,S&P 500,https://en.wikipedia.org/wiki/List_of_S%26P_500_companies,2026-08-31,0
MAS,Masco,US,S&P 500,https://en.wikipedia.org/wiki/List_of_S%26P_500_companies,2026-08-31,1
MCD,McDonald's,US,S&P 500,https://en.wikipedia.org/wiki/List_of_S%26P_500_companies,2026-08-31,0
MCHP,Microchip Technology,US,S&P 500,https://en.wikipedia.org/wiki/List_of_S%26P_500_companies,2026-08-31,0
MCK,McKesson Corporation,US,S&P 500,https://en.wikipedia.org/wiki/List_of_S%26P_500_companies,2026-08-31,0
MCO,Moody's Corporation,US,S&P 500,https://en.wikipedia.org/wiki/List_of_S%26P_500_companies,2026-08-31,0
MDLZ,Mondelez International,US,S&P 500,https://en.wikipedia.org/wiki/List_of_S%26P_500_companies,2026-08-31,0
MDT,Medtronic,US,S&P 500,https://en.wikipedia.org/wiki/List_of_S%26P_500_companies,2026-08-31,0
MET,MetLife,US,S&P 500,https://en.wikipedia.org/wiki/List_of_S%26P_500_companies,2026-08-31,0
META,Meta Platforms,US,S&P 500,https://en.wikipedia.org/wiki/List_of_S%26P_500_companies,2026-08-31,0
MGM,MGM Resorts,US,S&P 500,https://en.wikipedia.org/wiki/List_of_S%26P_500_companies,2026-08-31,1
MKC,McCormick & Company,US,S&P 500,https://en.wikipedia.org/wiki/List_of_S%26P_500_companies,2026-08-31,1
MLM,Martin Marietta Materials,US,S&P 500,https://en.wikipedia.org/wiki/List_of_S%26P_500_companies,2026-08-31,0
MMM,3M,US,S&P 500,https://en.wikipedia.org/wiki/List_of_S%26P_500_companies,2026-08-31,1
MNST,Monster Beverage,US,S&P 500,https://en.wikipedia.org/wiki/List_of_S%26P_500_companies,2026-08-31,0
MO,Altria,US,S&P 500,https://en.wikipedia.org/wiki/List_of_S%26P_500_companies,2026-08-31,0
MOS,Mosaic Company (The),US,S&P 500,https://en.wikipedia.org/wiki/List_of_S%26P_500_companies,2026-08-31,0
MPC,Marathon Petroleum,US,S&P 500,https://en.wikipedia.org/wiki/List_of_S%26P_500_companies,2026-08-31,0
MPWR,Monolithic Power Systems,US,S&P 500,https://en.wikipedia.org/wiki/List_of_S%26P_500_companies,2026-08-31,0
MRK,Merck & Co.,US,S&P 500,https://en.wikipedia.org/wiki/List_of_S%26P_500_companies,2026-08-31,0
MRNA,Moderna,US,S&P 500,https://en.wikipedia.org/wiki/List_of_S%26P_500_companies,2026-08-31,0
MRSH,Marsh McLennan,US,S&P 500,https://en.wikipedia.org/wiki/List_of_S%26P_500_companies,2026-08-31,1
MRVL,Marvell Technology,US,S&P 500,https://en.wikipedia.org/wiki/List_of_S%26P_500_companies,2026-08-31,0
MS,Morgan Stanley,US,S&P 500,https://en.wikipedia.org/wiki/List_of_S%26P_500_companies,2026-08-31,0
MSCI,MSCI,US,S&P 500,https://en.wikipedia.org/wiki/List_of_S%26P_500_companies,2026-08-31,0
MSFT,Microsoft,US,S&P 500,https://en.wikipedia.org/wiki/List_of_S%26P_500_companies,2026-08-31,0
MSI,Motorola Solutions,US,S&P 500,https://en.wikipedia.org/wiki/List_of_S%26P_500_companies,2026-08-31,1
MTB,M&T Bank,US,S&P 500,https://en.wikipedia.org/wiki/List_of_S%26P_500_companies,2026-08-31,1
MTD,Mettler Toledo,US,S&P 500,https://en.wikipedia.org/wiki/List_of_S%26P_500_companies,2026-08-31,1
MU,Micron Technology,US,S&P 500,https://en.wikipedia.org/wiki/List_of_S%26P_500_companies,2026-08-31,0
NCLH,Norwegian Cruise Line Holdings,US,S&P 500,https://en.wikipedia.org/wiki/List_of_S%26P_500_companies,2026-08-31,0
NDAQ,"Nasdaq, Inc.",US,S&P 500,https://en.wikipedia.org/wiki/List_of_S%26P_500_companies,2026-08-31,0
NDSN,Nordson Corporation,US,S&P 500,https://en.wikipedia.org/wiki/List_of_S%26P_500_companies,2026-08-31,0
NEE,NextEra Energy,US,S&P 500,https://en.wikipedia.org/wiki/List_of_S%26P_500_companies,2026-08-31,0
NEM,Newmont,US,S&P 500,https://en.wikipedia.org/wiki/List_of_S%26P_500_companies,2026-08-31,0
NFLX,Netflix,US,S&P 500,https://en.wikipedia.org/wiki/List_of_S%26P_500_companies,2026-08-31,0
NI,NiSource,US,S&P 500,https://en.wikipedia.org/wiki/List_of_S%26P_500_companies,2026-08-31,1
NKE,"Nike, Inc.",US,S&P 500,https://en.wikipedia.org/wiki/List_of_S%26P_500_companies,2026-08-31,0
NOC,Northrop Grumman,US,S&P 500,https://en.wikipedia.org/wiki/List_of_S%26P_500_companies,2026-08-31,0
NOW,ServiceNow,US,S&P 500,https://en.wikipedia.org/wiki/List_of_S%26P_500_companies,2026-08-31,0
NRG,NRG Energy,US,S&P 500,https://en.wikipedia.org/wiki/List_of_S%26P_500_companies,2026-08-31,1
NSC,Norfolk Southern,US,S&P 500,https://en.wikipedia.org/wiki/List_of_S%26P_500_companies,2026-08-31,0
NTAP,NetApp,US,S&P 500,https://en.wikipedia.org/wiki/List_of_S%26P_500_companies,2026-08-31,0
NTRS,Northern Trust,US,S&P 500,https://en.wikipedia.org/wiki/List_of_S%26P_500_companies,2026-08-31,1
NUE,Nucor,US,S&P 500,https://en.wikipedia.org/wiki/List_of_S%26P_500_companies,2026-08-31,0
NVDA,Nvidia,US,S&P 500,https://en.wikipedia.org/wiki/List_of_S%26P_500_companies,2026-08-31,0
NVR,"NVR, Inc.",US,S&P 500,https://en.wikipedia.org/wiki/List_of_S%26P_500_companies,2026-08-31,1
NWS,News Corp (Class B),US,S&P 500,https://en.wikipedia.org/wiki/List_of_S%26P_500_companies,2026-08-31,1
NWSA,News Corp (Class A),US,S&P 500,https://en.wikipedia.org/wiki/List_of_S%26P_500_companies,2026-08-31,1
NXPI,NXP Semiconductors,US,S&P 500,https://en.wikipedia.org/wiki/List_of_S%26P_500_companies,2026-08-31,0
O,Realty Income,US,S&P 500,https://en.wikipedia.org/wiki/List_of_S%26P_500_companies,2026-08-31,0
ODFL,Old Dominion,US,S&P 500,https://en.wikipedia.org/wiki/List_of_S%26P_500_companies,2026-08-31,0
OKE,Oneok,US,S&P 500,https://en.wikipedia.org/wiki/List_of_S%26P_500_companies,2026-08-31,0
OMC,Omnicom Group,US,S&P 500,https://en.wikipedia.org/wiki/List_of_S%26P_500_companies,2026-08-31,1
ON,ON Semiconductor,US,S&P 500,https://en.wikipedia.org/wiki/List_of_S%26P_500_companies,2026-08-31,0
ORCL,Oracle Corporation,US,S&P 500,https://en.wikipedia.org/wiki/List_of_S%26P_500_companies,2026-08-31,0
ORLY,O'Reilly Automotive,US,S&P 500,https://en.wikipedia.org/wiki/List_of_S%26P_500_companies,2026-08-31,0
OTIS,Otis Worldwide,US,S&P 500,https://en.wikipedia.org/wiki/List_of_S%26P_500_companies,2026-08-31,0
OXY,Occidental Petroleum,US,S&P 500,https://en.wikipedia.org/wiki/List_of_S%26P_500_companies,2026-08-31,0
PANW,Palo Alto Networks,US,S&P 500,https://en.wikipedia.org/wiki/List_of_S%26P_500_companies,2026-08-31,0
PAYX,Paychex,US,S&P 500,https://en.wikipedia.org/wiki/List_of_S%26P_500_companies,2026-08-31,0
PCAR,Paccar,US,S&P 500,https://en.wikipedia.org/wiki/List_of_S%26P_500_companies,2026-08-31,0
PCG,PG&E Corporation,US,S&P 500,https://en.wikipedia.org/wiki/List_of_S%26P_500_companies,2026-08-31,0
PEG,Public Service Enterprise Group,US,S&P 500,https://en.wikipedia.org/wiki/List_of_S%26P_500_companies,2026-08-31,0
PEP,PepsiCo,US,S&P 500,https://en.wikipedia.org/wiki/List_of_S%26P_500_companies,2026-08-31,0
PFE,Pfizer,US,S&P 500,https://en.wikipedia.org/wiki/List_of_S%26P_500_companies,2026-08-31,0
PFG,Principal Financial Group,US,S&P 500,https://en.wikipedia.org/wiki/List_of_S%26P_500_companies,2026-08-31,1
PG,Procter & Gamble,US,S&P 500,https://en.wikipedia.org/wiki/List_of_S%26P_500_companies,2026-08-31,0
PGR,Progressive Corporation,US,S&P 500,https://en.wikipedia.org/wiki/List_of_S%26P_500_companies,2026-08-31,0
PH,Parker Hannifin,US,S&P 500,https://en.wikipedia.org/wiki/List_of_S%26P_500_companies,2026-08-31,0
PHM,PulteGroup,US,S&P 500,https://en.wikipedia.org/wiki/List_of_S%26P_500_companies,2026-08-31,1
PKG,Packaging Corporation of America,US,S&P 500,https://en.wikipedia.org/wiki/List_of_S%26P_500_companies,2026-08-31,1
PLD,Prologis,US,S&P 500,https://en.wikipedia.org/wiki/List_of_S%26P_500_companies,2026-08-31,0
PLTR,Palantir Technologies,US,S&P 500,https://en.wikipedia.org/wiki/List_of_S%26P_500_companies,2026-08-31,0
PM,Philip Morris International,US,S&P 500,https://en.wikipedia.org/wiki/List_of_S%26P_500_companies,2026-08-31,0
PNC,PNC Financial Services,US,S&P 500,https://en.wikipedia.org/wiki/List_of_S%26P_500_companies,2026-08-31,1
PNR,Pentair,US,S&P 500,https://en.wikipedia.org/wiki/List_of_S%26P_500_companies,2026-08-31,0
PNW,Pinnacle West Capital,US,S&P 500,https://en.wikipedia.org/wiki/List_of_S%26P_500_companies,2026-08-31,1
PODD,Insulet Corporation,US,S&P 500,https://en.wikipedia.org/wiki/List_of_S%26P_500_companies,2026-08-31,0
PPG,PPG Industries,US,S&P 500,https://en.wikipedia.org/wiki/List_of_S%26P_500_companies,2026-08-31,0
PPL,PPL Corporation,US,S&P 500,https://en.wikipedia.org/wiki/List_of_S%26P_500_companies,2026-08-31,1
PRU,Prudential Financial,US,S&P 500,https://en.wikipedia.org/wiki/List_of_S%26P_500_companies,2026-08-31,0
PSA,Public Storage,US,S&P 500,https://en.wikipedia.org/wiki/List_of_S%26P_500_companies,2026-08-31,0
PSKY,Paramount Skydance Corporation,US,S&P 500,https://en.wikipedia.org/wiki/List_of_S%26P_500_companies,2026-08-31,1
PSX,Phillips 66,US,S&P 500,https://en.wikipedia.org/wiki/List_of_S%26P_500_companies,2026-08-31,0
PTC,PTC Inc.,US,S&P 500,https://en.wikipedia.org/wiki/List_of_S%26P_500_companies,2026-08-31,1
PWR,Quanta Services,US,S&P 500,https://en.wikipedia.org/wiki/List_of_S%26P_500_companies,2026-08-31,0
PYPL,PayPal,US,S&P 500,https://en.wikipedia.org/wiki/List_of_S%26P_500_companies,2026-08-31,0
Q,Qnity Electronics,US,S&P 500,https://en.wikipedia.org/wiki/List_of_S%26P_500_companies,2026-08-31,1
QCOM,Qualcomm,US,S&P 500,https://en.wikipedia.org/wiki/List_of_S%26P_500_companies,2026-08-31,0
RCL,Royal Caribbean Group,US,S&P 500,https://en.wikipedia.org/wiki/List_of_S%26P_500_companies,2026-08-31,0
RDDT,Reddit,US,S&P 500,https://en.wikipedia.org/wiki/List_of_S%26P_500_companies,2026-08-31,0
REG,Regency Centers,US,S&P 500,https://en.wikipedia.org/wiki/List_of_S%26P_500_companies,2026-08-31,1
REGN,Regeneron Pharmaceuticals,US,S&P 500,https://en.wikipedia.org/wiki/List_of_S%26P_500_companies,2026-08-31,0
RF,Regions Financial Corporation,US,S&P 500,https://en.wikipedia.org/wiki/List_of_S%26P_500_companies,2026-08-31,1
RJF,Raymond James Financial,US,S&P 500,https://en.wikipedia.org/wiki/List_of_S%26P_500_companies,2026-08-31,1
RL,Ralph Lauren Corporation,US,S&P 500,https://en.wikipedia.org/wiki/List_of_S%26P_500_companies,2026-08-31,0
RMD,ResMed |,US,S&P 500,https://en.wikipedia.org/wiki/List_of_S%26P_500_companies,2026-08-31,0
ROK,Rockwell Automation,US,S&P 500,https://en.wikipedia.org/wiki/List_of_S%26P_500_companies,2026-08-31,0
ROL,"Rollins, Inc.",US,S&P 500,https://en.wikipedia.org/wiki/List_of_S%26P_500_companies,2026-08-31,1
ROP,Roper Technologies,US,S&P 500,https://en.wikipedia.org/wiki/List_of_S%26P_500_companies,2026-08-31,0
ROST,Ross Stores,US,S&P 500,https://en.wikipedia.org/wiki/List_of_S%26P_500_companies,2026-08-31,0
RSG,Republic Services,US,S&P 500,https://en.wikipedia.org/wiki/List_of_S%26P_500_companies,2026-08-31,0
RTX,RTX Corporation,US,S&P 500,https://en.wikipedia.org/wiki/List_of_S%26P_500_companies,2026-08-31,0
RVTY,Revvity,US,S&P 500,https://en.wikipedia.org/wiki/List_of_S%26P_500_companies,2026-08-31,0
SBAC,SBA Communications,US,S&P 500,https://en.wikipedia.org/wiki/List_of_S%26P_500_companies,2026-08-31,0
SBUX,Starbucks,US,S&P 500,https://en.wikipedia.org/wiki/List_of_S%26P_500_companies,2026-08-31,0
SCHW,Charles Schwab Corporation,US,S&P 500,https://en.wikipedia.org/wiki/List_of_S%26P_500_companies,2026-08-31,0
SHW,Sherwin-Williams,US,S&P 500,https://en.wikipedia.org/wiki/List_of_S%26P_500_companies,2026-08-31,0
SJM,J.M. Smucker Company (The),US,S&P 500,https://en.wikipedia.org/wiki/List_of_S%26P_500_companies,2026-08-31,0
SLB,Schlumberger,US,S&P 500,https://en.wikipedia.org/wiki/List_of_S%26P_500_companies,2026-08-31,0
SMCI,Supermicro,US,S&P 500,https://en.wikipedia.org/wiki/List_of_S%26P_500_companies,2026-08-31,0
SNA,Snap-on,US,S&P 500,https://en.wikipedia.org/wiki/List_of_S%26P_500_companies,2026-08-31,1
SNDK,Sandisk,US,S&P 500,https://en.wikipedia.org/wiki/List_of_S%26P_500_companies,2026-08-31,0
SNPS,Synopsys,US,S&P 500,https://en.wikipedia.org/wiki/List_of_S%26P_500_companies,2026-08-31,0
SO,Southern Company,US,S&P 500,https://en.wikipedia.org/wiki/List_of_S%26P_500_companies,2026-08-31,0
SOLV,Solventum,US,S&P 500,https://en.wikipedia.org/wiki/List_of_S%26P_500_companies,2026-08-31,1
SPG,Simon Property Group,US,S&P 500,https://en.wikipedia.org/wiki/List_of_S%26P_500_companies,2026-08-31,0
SPGI,S&P Global,US,S&P 500,https://en.wikipedia.org/wiki/List_of_S%26P_500_companies,2026-08-31,0
SRE,Sempra,US,S&P 500,https://en.wikipedia.org/wiki/List_of_S%26P_500_companies,2026-08-31,0
STE,Steris,US,S&P 500,https://en.wikipedia.org/wiki/List_of_S%26P_500_companies,2026-08-31,0
STLD,Steel Dynamics,US,S&P 500,https://en.wikipedia.org/wiki/List_of_S%26P_500_companies,2026-08-31,0
STT,State Street Corporation,US,S&P 500,https://en.wikipedia.org/wiki/List_of_S%26P_500_companies,2026-08-31,1
STX,Seagate Technology,US,S&P 500,https://en.wikipedia.org/wiki/List_of_S%26P_500_companies,2026-08-31,0
STZ,Constellation Brands,US,S&P 500,https://en.wikipedia.org/wiki/List_of_S%26P_500_companies,2026-08-31,0
SW,Smurfit Westrock,US,S&P 500,https://en.wikipedia.org/wiki/List_of_S%26P_500_companies,2026-08-31,1
SWK,Stanley Black & Decker,US,S&P 500,https://en.wikipedia.org/wiki/List_of_S%26P_500_companies,2026-08-31,1
SWKS,Skyworks Solutions,US,S&P 500,https://en.wikipedia.org/wiki/List_of_S%26P_500_companies,2026-08-31,0
SYF,Synchrony Financial,US,S&P 500,https://en.wikipedia.org/wiki/List_of_S%26P_500_companies,2026-08-31,1
SYK,Stryker Corporation,US,S&P 500,https://en.wikipedia.org/wiki/List_of_S%26P_500_companies,2026-08-31,0
SYY,Sysco,US,S&P 500,https://en.wikipedia.org/wiki/List_of_S%26P_500_companies,2026-08-31,1
T,AT&T,US,S&P 500,https://en.wikipedia.org/wiki/List_of_S%26P_500_companies,2026-08-31,0
TAP,Molson Coors Beverage Company,US,S&P 500,https://en.wikipedia.org/wiki/List_of_S%26P_500_companies,2026-08-31,1
TDG,TransDigm Group,US,S&P 500,https://en.wikipedia.org/wiki/List_of_S%26P_500_companies,2026-08-31,0
TDY,Teledyne Technologies,US,S&P 500,https://en.wikipedia.org/wiki/List_of_S%26P_500_companies,2026-08-31,0
TECH,Bio-Techne,US,S&P 500,https://en.wikipedia.org/wiki/List_of_S%26P_500_companies,2026-08-31,0
TEL,TE Connectivity,US,S&P 500,https://en.wikipedia.org/wiki/List_of_S%26P_500_companies,2026-08-31,1
TER,Teradyne,US,S&P 500,https://en.wikipedia.org/wiki/List_of_S%26P_500_companies,2026-08-31,0
TFC,Truist Financial,US,S&P 500,https://en.wikipedia.org/wiki/List_of_S%26P_500_companies,2026-08-31,1
TGT,Target Corporation,US,S&P 500,https://en.wikipedia.org/wiki/List_of_S%26P_500_companies,2026-08-31,0
TJX,TJX Companies,US,S&P 500,https://en.wikipedia.org/wiki/List_of_S%26P_500_companies,2026-08-31,0
TKO,TKO Group Holdings,US,S&P 500,https://en.wikipedia.org/wiki/List_of_S%26P_500_companies,2026-08-31,1
TMO,Thermo Fisher Scientific,US,S&P 500,https://en.wikipedia.org/wiki/List_of_S%26P_500_companies,2026-08-31,0
TMUS,T-Mobile US,US,S&P 500,https://en.wikipedia.org/wiki/List_of_S%26P_500_companies,2026-08-31,0
TPL,Texas Pacific Land Corporation,US,S&P 500,https://en.wikipedia.org/wiki/List_of_S%26P_500_companies,2026-08-31,1
TPR,"Tapestry, Inc.",US,S&P 500,https://en.wikipedia.org/wiki/List_of_S%26P_500_companies,2026-08-31,0
TRGP,Targa Resources,US,S&P 500,https://en.wikipedia.org/wiki/List_of_S%26P_500_companies,2026-08-31,0
TRMB,Trimble Inc.,US,S&P 500,https://en.wikipedia.org/wiki/List_of_S%26P_500_companies,2026-08-31,1
TROW,T. Rowe Price,US,S&P 500,https://en.wikipedia.org/wiki/List_of_S%26P_500_companies,2026-08-31,0
TRV,Travelers Companies (The),US,S&P 500,https://en.wikipedia.org/wiki/List_of_S%26P_500_companies,2026-08-31,0
TSCO,Tractor Supply,US,S&P 500,https://en.wikipedia.org/wiki/List_of_S%26P_500_companies,2026-08-31,1
TSLA,"Tesla, Inc.",US,S&P 500,https://en.wikipedia.org/wiki/List_of_S%26P_500_companies,2026-08-31,0
TSN,Tyson Foods,US,S&P 500,https://en.wikipedia.org/wiki/List_of_S%26P_500_companies,2026-08-31,1
TT,Trane Technologies,US,S&P 500,https://en.wikipedia.org/wiki/List_of_S%26P_500_companies,2026-08-31,0
TTD,Trade Desk (The),US,S&P 500,https://en.wikipedia.org/wiki/List_of_S%26P_500_companies,2026-08-31,0
TTWO,Take-Two Interactive,US,S&P 500,https://en.wikipedia.org/wiki/List_of_S%26P_500_companies,2026-08-31,0
TXN,Texas Instruments,US,S&P 500,https://en.wikipedia.org/wiki/List_of_S%26P_500_companies,2026-08-31,0
TXT,Textron,US,S&P 500,https://en.wikipedia.org/wiki/List_of_S%26P_500_companies,2026-08-31,0
TYL,Tyler Technologies,US,S&P 500,https://en.wikipedia.org/wiki/List_of_S%26P_500_companies,2026-08-31,1
UAL,United Airlines Holdings,US,S&P 500,https://en.wikipedia.org/wiki/List_of_S%26P_500_companies,2026-08-31,0
UBER,Uber,US,S&P 500,https://en.wikipedia.org/wiki/List_of_S%26P_500_companies,2026-08-31,0
UDR,"UDR, Inc.",US,S&P 500,https://en.wikipedia.org/wiki/List_of_S%26P_500_companies,2026-08-31,1
UHS,Universal Health Services,US,S&P 500,https://en.wikipedia.org/wiki/List_of_S%26P_500_companies,2026-08-31,1
ULTA,Ulta Beauty,US,S&P 500,https://en.wikipedia.org/wiki/List_of_S%26P_500_companies,2026-08-31,0
UNH,UnitedHealth Group,US,S&P 500,https://en.wikipedia.org/wiki/List_of_S%26P_500_companies,2026-08-31,0
UNP,Union Pacific Corporation,US,S&P 500,https://en.wikipedia.org/wiki/List_of_S%26P_500_companies,2026-08-31,0
UPS,United Parcel Service,US,S&P 500,https://en.wikipedia.org/wiki/List_of_S%26P_500_companies,2026-08-31,0
URI,United Rentals,US,S&P 500,https://en.wikipedia.org/wiki/List_of_S%26P_500_companies,2026-08-31,0
USB,U.S. Bancorp,US,S&P 500,https://en.wikipedia.org/wiki/List_of_S%26P_500_companies,2026-08-31,1
V,Visa Inc.,US,S&P 500,https://en.wikipedia.org/wiki/List_of_S%26P_500_companies,2026-08-31,0
VEEV,Veeva Systems,US,S&P 500,https://en.wikipedia.org/wiki/List_of_S%26P_500_companies,2026-08-31,1
VICI,Vici Properties,US,S&P 500,https://en.wikipedia.org/wiki/List_of_S%26P_500_companies,2026-08-31,0
VLO,Valero Energy,US,S&P 500,https://en.wikipedia.org/wiki/List_of_S%26P_500_companies,2026-08-31,0
VLTO,Veralto,US,S&P 500,https://en.wikipedia.org/wiki/List_of_S%26P_500_companies,2026-08-31,0
VMC,Vulcan Materials Company,US,S&P 500,https://en.wikipedia.org/wiki/List_of_S%26P_500_companies,2026-08-31,0
VMRK,Vivmark Residential,US,S&P 500,https://en.wikipedia.org/wiki/List_of_S%26P_500_companies,2026-08-31,1
VRSK,Verisk Analytics,US,S&P 500,https://en.wikipedia.org/wiki/List_of_S%26P_500_companies,2026-08-31,1
VRSN,Verisign,US,S&P 500,https://en.wikipedia.org/wiki/List_of_S%26P_500_companies,2026-08-31,0
VRT,Vertiv,US,S&P 500,https://en.wikipedia.org/wiki/List_of_S%26P_500_companies,2026-08-31,0
VRTX,Vertex Pharmaceuticals,US,S&P 500,https://en.wikipedia.org/wiki/List_of_S%26P_500_companies,2026-08-31,0
VST,Vistra Corp .,US,S&P 500,https://en.wikipedia.org/wiki/List_of_S%26P_500_companies,2026-08-31,0
VTR,Ventas,US,S&P 500,https://en.wikipedia.org/wiki/List_of_S%26P_500_companies,2026-08-31,1
VTRS,Viatris,US,S&P 500,https://en.wikipedia.org/wiki/List_of_S%26P_500_companies,2026-08-31,1
VZ,Verizon,US,S&P 500,https://en.wikipedia.org/wiki/List_of_S%26P_500_companies,2026-08-31,0
WAB,Wabtec,US,S&P 500,https://en.wikipedia.org/wiki/List_of_S%26P_500_companies,2026-08-31,0
WAT,Waters Corporation,US,S&P 500,https://en.wikipedia.org/wiki/List_of_S%26P_500_companies,2026-08-31,0
WBD,Warner Bros. Discovery,US,S&P 500,https://en.wikipedia.org/wiki/List_of_S%26P_500_companies,2026-08-31,0
WDAY,"Workday, Inc.",US,S&P 500,https://en.wikipedia.org/wiki/List_of_S%26P_500_companies,2026-08-31,0
WDC,Western Digital,US,S&P 500,https://en.wikipedia.org/wiki/List_of_S%26P_500_companies,2026-08-31,0
WEC,WEC Energy Group,US,S&P 500,https://en.wikipedia.org/wiki/List_of_S%26P_500_companies,2026-08-31,1
WELL,Welltower,US,S&P 500,https://en.wikipedia.org/wiki/List_of_S%26P_500_companies,2026-08-31,0
WFC,Wells Fargo,US,S&P 500,https://en.wikipedia.org/wiki/List_of_S%26P_500_companies,2026-08-31,0
WM,Waste Management,US,S&P 500,https://en.wikipedia.org/wiki/List_of_S%26P_500_companies,2026-08-31,0
WMB,Williams Companies,US,S&P 500,https://en.wikipedia.org/wiki/List_of_S%26P_500_companies,2026-08-31,0
WMT,Walmart,US,S&P 500,https://en.wikipedia.org/wiki/List_of_S%26P_500_companies,2026-08-31,0
WRB,W. R. Berkley Corporation,US,S&P 500,https://en.wikipedia.org/wiki/List_of_S%26P_500_companies,2026-08-31,1
WSM,"Williams-Sonoma, Inc.",US,S&P 500,https://en.wikipedia.org/wiki/List_of_S%26P_500_companies,2026-08-31,1
WST,West Pharmaceutical Services,US,S&P 500,https://en.wikipedia.org/wiki/List_of_S%26P_500_companies,2026-08-31,0
WTW,Willis Towers Watson,US,S&P 500,https://en.wikipedia.org/wiki/List_of_S%26P_500_companies,2026-08-31,1
WY,Weyerhaeuser,US,S&P 500,https://en.wikipedia.org/wiki/List_of_S%26P_500_companies,2026-08-31,1
WYNN,Wynn Resorts,US,S&P 500,https://en.wikipedia.org/wiki/List_of_S%26P_500_companies,2026-08-31,1
XEL,Xcel Energy,US,S&P 500,https://en.wikipedia.org/wiki/List_of_S%26P_500_companies,2026-08-31,0
XOM,ExxonMobil,US,S&P 500,https://en.wikipedia.org/wiki/List_of_S%26P_500_companies,2026-08-31,0
XYL,Xylem Inc.,US,S&P 500,https://en.wikipedia.org/wiki/List_of_S%26P_500_companies,2026-08-31,0
XYZ,"Block, Inc.",US,S&P 500,https://en.wikipedia.org/wiki/List_of_S%26P_500_companies,2026-08-31,0
YUM,Yum! Brands,US,S&P 500,https://en.wikipedia.org/wiki/List_of_S%26P_500_companies,2026-08-31,0
ZBH,Zimmer Biomet,US,S&P 500,https://en.wikipedia.org/wiki/List_of_S%26P_500_companies,2026-08-31,1
ZBRA,Zebra Technologies,US,S&P 500,https://en.wikipedia.org/wiki/List_of_S%26P_500_companies,2026-08-31,0
ZTS,Zoetis,US,S&P 500,https://en.wikipedia.org/wiki/List_of_S%26P_500_companies,2026-08-31,0
AA,Alcoa,US,S&P 400,https://en.wikipedia.org/wiki/List_of_S%26P_400_companies,2026-08-31,1
AAL,American Airlines Group,US,S&P 400,https://en.wikipedia.org/wiki/List_of_S%26P_400_companies,2026-08-31,1
AAON,AAON,US,S&P 400,https://en.wikipedia.org/wiki/List_of_S%26P_400_companies,2026-08-31,1
ACI,Albertsons,US,S&P 400,https://en.wikipedia.org/wiki/List_of_S%26P_400_companies,2026-08-31,1
ACM,AECOM,US,S&P 400,https://en.wikipedia.org/wiki/List_of_S%26P_400_companies,2026-08-31,1
ADC,Agree Realty,US,S&P 400,https://en.wikipedia.org/wiki/List_of_S%26P_400_companies,2026-08-31,1
AEIS,Advanced Energy,US,S&P 400,https://en.wikipedia.org/wiki/List_of_S%26P_400_companies,2026-08-31,1
AFG,American Financial Group,US,S&P 400,https://en.wikipedia.org/wiki/List_of_S%26P_400_companies,2026-08-31,1
AGCO,AGCO,US,S&P 400,https://en.wikipedia.org/wiki/List_of_S%26P_400_companies,2026-08-31,0
AHR,American Healthcare REIT,US,S&P 400,https://en.wikipedia.org/wiki/List_of_S%26P_400_companies,2026-08-31,1
AIT,Applied Industrial Technologies,US,S&P 400,https://en.wikipedia.org/wiki/List_of_S%26P_400_companies,2026-08-31,1
ALGM,Allegro MicroSystems,US,S&P 400,https://en.wikipedia.org/wiki/List_of_S%26P_400_companies,2026-08-31,0
ALK,Alaska Air Group,US,S&P 400,https://en.wikipedia.org/wiki/List_of_S%26P_400_companies,2026-08-31,0
ALLY,Ally Financial,US,S&P 400,https://en.wikipedia.org/wiki/List_of_S%26P_400_companies,2026-08-31,1
ALSN,Allison Transmission,US,S&P 400,https://en.wikipedia.org/wiki/List_of_S%26P_400_companies,2026-08-31,1
ALV,Autoliv,US,S&P 400,https://en.wikipedia.org/wiki/List_of_S%26P_400_companies,2026-08-31,1
AM,Antero Midstream,US,S&P 400,https://en.wikipedia.org/wiki/List_of_S%26P_400_companies,2026-08-31,1
AMG,Affiliated Managers Group,US,S&P 400,https://en.wikipedia.org/wiki/List_of_S%26P_400_companies,2026-08-31,1
AMH,American Homes 4 Rent,US,S&P 400,https://en.wikipedia.org/wiki/List_of_S%26P_400_companies,2026-08-31,1
AMKR,Amkor Technology,US,S&P 400,https://en.wikipedia.org/wiki/List_of_S%26P_400_companies,2026-08-31,0
AN,AutoNation,US,S&P 400,https://en.wikipedia.org/wiki/List_of_S%26P_400_companies,2026-08-31,1
ANF,Abercrombie & Fitch,US,S&P 400,https://en.wikipedia.org/wiki/List_of_S%26P_400_companies,2026-08-31,1
APG,APi Group,US,S&P 400,https://en.wikipedia.org/wiki/List_of_S%26P_400_companies,2026-08-31,1
APPF,AppFolio,US,S&P 400,https://en.wikipedia.org/wiki/List_of_S%26P_400_companies,2026-08-31,0
AR,Antero Resources,US,S&P 400,https://en.wikipedia.org/wiki/List_of_S%26P_400_companies,2026-08-31,0
ARMK,Aramark,US,S&P 400,https://en.wikipedia.org/wiki/List_of_S%26P_400_companies,2026-08-31,1
ARW,Arrow Electronics,US,S&P 400,https://en.wikipedia.org/wiki/List_of_S%26P_400_companies,2026-08-31,1
ARWR,Arrowhead Pharmaceuticals,US,S&P 400,https://en.wikipedia.org/wiki/List_of_S%26P_400_companies,2026-08-31,0
ASB,Associated Bank,US,S&P 400,https://en.wikipedia.org/wiki/List_of_S%26P_400_companies,2026-08-31,1
ASH,Ashland Global,US,S&P 400,https://en.wikipedia.org/wiki/List_of_S%26P_400_companies,2026-08-31,1
ATI,ATI Inc.,US,S&P 400,https://en.wikipedia.org/wiki/List_of_S%26P_400_companies,2026-08-31,1
ATR,AptarGroup,US,S&P 400,https://en.wikipedia.org/wiki/List_of_S%26P_400_companies,2026-08-31,1
AVAV,AeroVironment,US,S&P 400,https://en.wikipedia.org/wiki/List_of_S%26P_400_companies,2026-08-31,0
AVNT,Avient,US,S&P 400,https://en.wikipedia.org/wiki/List_of_S%26P_400_companies,2026-08-31,1
AVT,Avnet,US,S&P 400,https://en.wikipedia.org/wiki/List_of_S%26P_400_companies,2026-08-31,1
AVTR,Avantor,US,S&P 400,https://en.wikipedia.org/wiki/List_of_S%26P_400_companies,2026-08-31,1
AXTA,Axalta,US,S&P 400,https://en.wikipedia.org/wiki/List_of_S%26P_400_companies,2026-08-31,1
AYI,Acuity Brands,US,S&P 400,https://en.wikipedia.org/wiki/List_of_S%26P_400_companies,2026-08-31,1
BAH,Booz Allen Hamilton,US,S&P 400,https://en.wikipedia.org/wiki/List_of_S%26P_400_companies,2026-08-31,0
BBWI,"Bath & Body Works, Inc.",US,S&P 400,https://en.wikipedia.org/wiki/List_of_S%26P_400_companies,2026-08-31,1
BC,Brunswick,US,S&P 400,https://en.wikipedia.org/wiki/List_of_S%26P_400_companies,2026-08-31,1
BCO,Brink's,US,S&P 400,https://en.wikipedia.org/wiki/List_of_S%26P_400_companies,2026-08-31,1
BDC,Belden Inc.,US,S&P 400,https://en.wikipedia.org/wiki/List_of_S%26P_400_companies,2026-08-31,1
BHF,Brighthouse Financial,US,S&P 400,https://en.wikipedia.org/wiki/List_of_S%26P_400_companies,2026-08-31,1
BILL,Bill Holdings,US,S&P 400,https://en.wikipedia.org/wiki/List_of_S%26P_400_companies,2026-08-31,0
BIO,Bio-Rad Laboratories,US,S&P 400,https://en.wikipedia.org/wiki/List_of_S%26P_400_companies,2026-08-31,1
BJ,BJ's Wholesale Club,US,S&P 400,https://en.wikipedia.org/wiki/List_of_S%26P_400_companies,2026-08-31,1
BKH,Black Hills Corporation,US,S&P 400,https://en.wikipedia.org/wiki/List_of_S%26P_400_companies,2026-08-31,1
BMRN,BioMarin Pharmaceutical,US,S&P 400,https://en.wikipedia.org/wiki/List_of_S%26P_400_companies,2026-08-31,1
BRKR,Bruker,US,S&P 400,https://en.wikipedia.org/wiki/List_of_S%26P_400_companies,2026-08-31,1
BROS,Dutch Bros Inc.,US,S&P 400,https://en.wikipedia.org/wiki/List_of_S%26P_400_companies,2026-08-31,0
BRX,Brixmor Property Group,US,S&P 400,https://en.wikipedia.org/wiki/List_of_S%26P_400_companies,2026-08-31,1
BSY,Bentley Systems,US,S&P 400,https://en.wikipedia.org/wiki/List_of_S%26P_400_companies,2026-08-31,1
BTSG,BrightSpring Health Services,US,S&P 400,https://en.wikipedia.org/wiki/List_of_S%26P_400_companies,2026-08-31,1
BURL,Burlington Stores,US,S&P 400,https://en.wikipedia.org/wiki/List_of_S%26P_400_companies,2026-08-31,1
BWA,BorgWarner,US,S&P 400,https://en.wikipedia.org/wiki/List_of_S%26P_400_companies,2026-08-31,1
BWXT,BWX Technologies,US,S&P 400,https://en.wikipedia.org/wiki/List_of_S%26P_400_companies,2026-08-31,0
BYD,Boyd Gaming,US,S&P 400,https://en.wikipedia.org/wiki/List_of_S%26P_400_companies,2026-08-31,1
CACI,CACI International,US,S&P 400,https://en.wikipedia.org/wiki/List_of_S%26P_400_companies,2026-08-31,1
CAR,Avis Budget Group,US,S&P 400,https://en.wikipedia.org/wiki/List_of_S%26P_400_companies,2026-08-31,0
CART,Maplebear Inc.,US,S&P 400,https://en.wikipedia.org/wiki/List_of_S%26P_400_companies,2026-08-31,1
CAVA,Cava Group,US,S&P 400,https://en.wikipedia.org/wiki/List_of_S%26P_400_companies,2026-08-31,0
CBSH,Commerce Bancshares,US,S&P 400,https://en.wikipedia.org/wiki/List_of_S%26P_400_companies,2026-08-31,1
CBT,Cabot Corp,US,S&P 400,https://en.wikipedia.org/wiki/List_of_S%26P_400_companies,2026-08-31,1
CCK,Crown Holdings,US,S&P 400,https://en.wikipedia.org/wiki/List_of_S%26P_400_companies,2026-08-31,1
CDE,Coeur Mining,US,S&P 400,https://en.wikipedia.org/wiki/List_of_S%26P_400_companies,2026-08-31,0
CDP,COPT Defense Properties,US,S&P 400,https://en.wikipedia.org/wiki/List_of_S%26P_400_companies,2026-08-31,1
CELH,Celsius Holdings,US,S&P 400,https://en.wikipedia.org/wiki/List_of_S%26P_400_companies,2026-08-31,0
CFR,Frost Bank,US,S&P 400,https://en.wikipedia.org/wiki/List_of_S%26P_400_companies,2026-08-31,1
CG,Carlyle Group (The),US,S&P 400,https://en.wikipedia.org/wiki/List_of_S%26P_400_companies,2026-08-31,1
CGNX,Cognex,US,S&P 400,https://en.wikipedia.org/wiki/List_of_S%26P_400_companies,2026-08-31,1
CHDN,Churchill Downs Inc.,US,S&P 400,https://en.wikipedia.org/wiki/List_of_S%26P_400_companies,2026-08-31,1
CHE,Chemed Corp.,US,S&P 400,https://en.wikipedia.org/wiki/List_of_S%26P_400_companies,2026-08-31,1
CHH,Choice Hotels,US,S&P 400,https://en.wikipedia.org/wiki/List_of_S%26P_400_companies,2026-08-31,1
CHRD,Chord Energy,US,S&P 400,https://en.wikipedia.org/wiki/List_of_S%26P_400_companies,2026-08-31,1
CHWY,Chewy,US,S&P 400,https://en.wikipedia.org/wiki/List_of_S%26P_400_companies,2026-08-31,0
CLF,Cleveland-Cliffs,US,S&P 400,https://en.wikipedia.org/wiki/List_of_S%26P_400_companies,2026-08-31,0
CLH,Clean Harbors,US,S&P 400,https://en.wikipedia.org/wiki/List_of_S%26P_400_companies,2026-08-31,0
CMC,Commercial Metals,US,S&P 400,https://en.wikipedia.org/wiki/List_of_S%26P_400_companies,2026-08-31,1
CNH,CNH Industrial,US,S&P 400,https://en.wikipedia.org/wiki/List_of_S%26P_400_companies,2026-08-31,0
CNM,Core & Main,US,S&P 400,https://en.wikipedia.org/wiki/List_of_S%26P_400_companies,2026-08-31,1
CNO,CNO Financial Group,US,S&P 400,https://en.wikipedia.org/wiki/List_of_S%26P_400_companies,2026-08-31,1
CNX,CNX Resources,US,S&P 400,https://en.wikipedia.org/wiki/List_of_S%26P_400_companies,2026-08-31,1
COKE,Coca-Cola Consolidated,US,S&P 400,https://en.wikipedia.org/wiki/List_of_S%26P_400_companies,2026-08-31,1
COLB,Columbia Banking System,US,S&P 400,https://en.wikipedia.org/wiki/List_of_S%26P_400_companies,2026-08-31,1
COLM,Columbia Sportswear,US,S&P 400,https://en.wikipedia.org/wiki/List_of_S%26P_400_companies,2026-08-31,1
CPRI,Capri Holdings,US,S&P 400,https://en.wikipedia.org/wiki/List_of_S%26P_400_companies,2026-08-31,1
CR,Crane,US,S&P 400,https://en.wikipedia.org/wiki/List_of_S%26P_400_companies,2026-08-31,1
CRBG,Corebridge Financial,US,S&P 400,https://en.wikipedia.org/wiki/List_of_S%26P_400_companies,2026-08-31,1
CROX,Crocs,US,S&P 400,https://en.wikipedia.org/wiki/List_of_S%26P_400_companies,2026-08-31,0
CRS,Carpenter Technology,US,S&P 400,https://en.wikipedia.org/wiki/List_of_S%26P_400_companies,2026-08-31,1
CRUS,Cirrus Logic,US,S&P 400,https://en.wikipedia.org/wiki/List_of_S%26P_400_companies,2026-08-31,0
CSL,Carlisle Companies,US,S&P 400,https://en.wikipedia.org/wiki/List_of_S%26P_400_companies,2026-08-31,1
CTRE,CareTrust REIT,US,S&P 400,https://en.wikipedia.org/wiki/List_of_S%26P_400_companies,2026-08-31,1
CUBE,CubeSmart,US,S&P 400,https://en.wikipedia.org/wiki/List_of_S%26P_400_companies,2026-08-31,1
CUZ,Cousins Properties,US,S&P 400,https://en.wikipedia.org/wiki/List_of_S%26P_400_companies,2026-08-31,1
CVLT,CommVault Systems,US,S&P 400,https://en.wikipedia.org/wiki/List_of_S%26P_400_companies,2026-08-31,1
CW,Curtiss-Wright,US,S&P 400,https://en.wikipedia.org/wiki/List_of_S%26P_400_companies,2026-08-31,0
CXT,Crane NXT,US,S&P 400,https://en.wikipedia.org/wiki/List_of_S%26P_400_companies,2026-08-31,1
CYTK,Cytokinetics,US,S&P 400,https://en.wikipedia.org/wiki/List_of_S%26P_400_companies,2026-08-31,0
DAR,Darling Ingredients,US,S&P 400,https://en.wikipedia.org/wiki/List_of_S%26P_400_companies,2026-08-31,1
DBX,Dropbox,US,S&P 400,https://en.wikipedia.org/wiki/List_of_S%26P_400_companies,2026-08-31,0
DCI,Donaldson Company,US,S&P 400,https://en.wikipedia.org/wiki/List_of_S%26P_400_companies,2026-08-31,1
DINO,HF Sinclair,US,S&P 400,https://en.wikipedia.org/wiki/List_of_S%26P_400_companies,2026-08-31,1
DKS,Dick's Sporting Goods,US,S&P 400,https://en.wikipedia.org/wiki/List_of_S%26P_400_companies,2026-08-31,0
DLB,Dolby,US,S&P 400,https://en.wikipedia.org/wiki/List_of_S%26P_400_companies,2026-08-31,1
DOCN,DigitalOcean,US,S&P 400,https://en.wikipedia.org/wiki/List_of_S%26P_400_companies,2026-08-31,0
DOCS,Doximity,US,S&P 400,https://en.wikipedia.org/wiki/List_of_S%26P_400_companies,2026-08-31,0
DOCU,Docusign,US,S&P 400,https://en.wikipedia.org/wiki/List_of_S%26P_400_companies,2026-08-31,1
DT,Dynatrace,US,S&P 400,https://en.wikipedia.org/wiki/List_of_S%26P_400_companies,2026-08-31,1
DTM,DT Midstream,US,S&P 400,https://en.wikipedia.org/wiki/List_of_S%26P_400_companies,2026-08-31,1
DUOL,Duolingo,US,S&P 400,https://en.wikipedia.org/wiki/List_of_S%26P_400_companies,2026-08-31,0
DY,Dycom Industries,US,S&P 400,https://en.wikipedia.org/wiki/List_of_S%26P_400_companies,2026-08-31,1
EEFT,Euronet Worldwide,US,S&P 400,https://en.wikipedia.org/wiki/List_of_S%26P_400_companies,2026-08-31,1
EGP,EastGroup Properties,US,S&P 400,https://en.wikipedia.org/wiki/List_of_S%26P_400_companies,2026-08-31,1
EHC,Encompass Health,US,S&P 400,https://en.wikipedia.org/wiki/List_of_S%26P_400_companies,2026-08-31,1
ELAN,Elanco,US,S&P 400,https://en.wikipedia.org/wiki/List_of_S%26P_400_companies,2026-08-31,1
ELF,e.l.f. Beauty,US,S&P 400,https://en.wikipedia.org/wiki/List_of_S%26P_400_companies,2026-08-31,0
ELS,Equity Lifestyle Properties,US,S&P 400,https://en.wikipedia.org/wiki/List_of_S%26P_400_companies,2026-08-31,1
ENS,EnerSys,US,S&P 400,https://en.wikipedia.org/wiki/List_of_S%26P_400_companies,2026-08-31,1
ENSG,Ensign Group,US,S&P 400,https://en.wikipedia.org/wiki/List_of_S%26P_400_companies,2026-08-31,1
ENTG,Entegris,US,S&P 400,https://en.wikipedia.org/wiki/List_of_S%26P_400_companies,2026-08-31,0
EPR,EPR Properties,US,S&P 400,https://en.wikipedia.org/wiki/List_of_S%26P_400_companies,2026-08-31,1
EQH,Equitable Holdings,US,S&P 400,https://en.wikipedia.org/wiki/List_of_S%26P_400_companies,2026-08-31,1
ESAB,ESAB,US,S&P 400,https://en.wikipedia.org/wiki/List_of_S%26P_400_companies,2026-08-31,1
ESNT,Essent Group Ltd.,US,S&P 400,https://en.wikipedia.org/wiki/List_of_S%26P_400_companies,2026-08-31,1
EVR,Evercore,US,S&P 400,https://en.wikipedia.org/wiki/List_of_S%26P_400_companies,2026-08-31,1
EWBC,East West Bancorp,US,S&P 400,https://en.wikipedia.org/wiki/List_of_S%26P_400_companies,2026-08-31,1
EXEL,Exelixis,US,S&P 400,https://en.wikipedia.org/wiki/List_of_S%26P_400_companies,2026-08-31,1
EXLS,EXL Service,US,S&P 400,https://en.wikipedia.org/wiki/List_of_S%26P_400_companies,2026-08-31,1
EXP,Eagle Materials,US,S&P 400,https://en.wikipedia.org/wiki/List_of_S%26P_400_companies,2026-08-31,1
EXPO,"Exponent, Inc.",US,S&P 400,https://en.wikipedia.org/wiki/List_of_S%26P_400_companies,2026-08-31,1
FAF,First American Financial Corporation,US,S&P 400,https://en.wikipedia.org/wiki/List_of_S%26P_400_companies,2026-08-31,1
FBIN,Fortune Brands Innovations,US,S&P 400,https://en.wikipedia.org/wiki/List_of_S%26P_400_companies,2026-08-31,1
FCFS,FirstCash,US,S&P 400,https://en.wikipedia.org/wiki/List_of_S%26P_400_companies,2026-08-31,1
FCN,FTI Consulting,US,S&P 400,https://en.wikipedia.org/wiki/List_of_S%26P_400_companies,2026-08-31,1
FFIN,First Financial Bankshares,US,S&P 400,https://en.wikipedia.org/wiki/List_of_S%26P_400_companies,2026-08-31,1
FHI,Federated Hermes,US,S&P 400,https://en.wikipedia.org/wiki/List_of_S%26P_400_companies,2026-08-31,1
FHN,First Horizon,US,S&P 400,https://en.wikipedia.org/wiki/List_of_S%26P_400_companies,2026-08-31,1
FIVE,Five Below,US,S&P 400,https://en.wikipedia.org/wiki/List_of_S%26P_400_companies,2026-08-31,1
FLG,Flagstar Bank,US,S&P 400,https://en.wikipedia.org/wiki/List_of_S%26P_400_companies,2026-08-31,1
FLR,Fluor,US,S&P 400,https://en.wikipedia.org/wiki/List_of_S%26P_400_companies,2026-08-31,1
FLS,Flowserve,US,S&P 400,https://en.wikipedia.org/wiki/List_of_S%26P_400_companies,2026-08-31,1
FN,Fabrinet,US,S&P 400,https://en.wikipedia.org/wiki/List_of_S%26P_400_companies,2026-08-31,1
FNB,FNB Corporation,US,S&P 400,https://en.wikipedia.org/wiki/List_of_S%26P_400_companies,2026-08-31,1
FND,Floor & Decor,US,S&P 400,https://en.wikipedia.org/wiki/List_of_S%26P_400_companies,2026-08-31,1
FNF,Fidelity National Financial,US,S&P 400,https://en.wikipedia.org/wiki/List_of_S%26P_400_companies,2026-08-31,1
FOUR,Shift4,US,S&P 400,https://en.wikipedia.org/wiki/List_of_S%26P_400_companies,2026-08-31,0
FR,First Industrial Realty Trust,US,S&P 400,https://en.wikipedia.org/wiki/List_of_S%26P_400_companies,2026-08-31,1
FTI,TechnipFMC,US,S&P 400,https://en.wikipedia.org/wiki/List_of_S%26P_400_companies,2026-08-31,0
G,Genpact,US,S&P 400,https://en.wikipedia.org/wiki/List_of_S%26P_400_companies,2026-08-31,1
GAP,Gap Inc.,US,S&P 400,https://en.wikipedia.org/wiki/List_of_S%26P_400_companies,2026-08-31,1
GATX,GATX,US,S&P 400,https://en.wikipedia.org/wiki/List_of_S%26P_400_companies,2026-08-31,1
GBCI,Glacier Bancorp,US,S&P 400,https://en.wikipedia.org/wiki/List_of_S%26P_400_companies,2026-08-31,1
GEF,"Greif, Inc.",US,S&P 400,https://en.wikipedia.org/wiki/List_of_S%26P_400_companies,2026-08-31,1
GGG,Graco Inc.,US,S&P 400,https://en.wikipedia.org/wiki/List_of_S%26P_400_companies,2026-08-31,1
GHC,Graham Holdings,US,S&P 400,https://en.wikipedia.org/wiki/List_of_S%26P_400_companies,2026-08-31,1
GLPI,Gaming and Leisure Properties,US,S&P 400,https://en.wikipedia.org/wiki/List_of_S%26P_400_companies,2026-08-31,1
GME,GameStop,US,S&P 400,https://en.wikipedia.org/wiki/List_of_S%26P_400_companies,2026-08-31,1
GMED,Globus Medical,US,S&P 400,https://en.wikipedia.org/wiki/List_of_S%26P_400_companies,2026-08-31,0
GNTX,Gentex,US,S&P 400,https://en.wikipedia.org/wiki/List_of_S%26P_400_companies,2026-08-31,1
GPK,Graphic Packaging,US,S&P 400,https://en.wikipedia.org/wiki/List_of_S%26P_400_companies,2026-08-31,1
GWRE,Guidewire Software,US,S&P 400,https://en.wikipedia.org/wiki/List_of_S%26P_400_companies,2026-08-31,1
GXO,GXO Logistics,US,S&P 400,https://en.wikipedia.org/wiki/List_of_S%26P_400_companies,2026-08-31,1
H,Hyatt,US,S&P 400,https://en.wikipedia.org/wiki/List_of_S%26P_400_companies,2026-08-31,1
HAE,Haemonetics,US,S&P 400,https://en.wikipedia.org/wiki/List_of_S%26P_400_companies,2026-08-31,1
HALO,Halozyme,US,S&P 400,https://en.wikipedia.org/wiki/List_of_S%26P_400_companies,2026-08-31,0
HGV,Hilton Grand Vacations,US,S&P 400,https://en.wikipedia.org/wiki/List_of_S%26P_400_companies,2026-08-31,1
HIMS,Hims & Hers Health,US,S&P 400,https://en.wikipedia.org/wiki/List_of_S%26P_400_companies,2026-08-31,0
HL,Hecla Mining,US,S&P 400,https://en.wikipedia.org/wiki/List_of_S%26P_400_companies,2026-08-31,0
HLI,Houlihan Lokey,US,S&P 400,https://en.wikipedia.org/wiki/List_of_S%26P_400_companies,2026-08-31,1
HLNE,Hamilton Lane,US,S&P 400,https://en.wikipedia.org/wiki/List_of_S%26P_400_companies,2026-08-31,1
HOG,Harley-Davidson,US,S&P 400,https://en.wikipedia.org/wiki/List_of_S%26P_400_companies,2026-08-31,1
HOMB,Home BancShares,US,S&P 400,https://en.wikipedia.org/wiki/List_of_S%26P_400_companies,2026-08-31,1
HQY,HealthEquity,US,S&P 400,https://en.wikipedia.org/wiki/List_of_S%26P_400_companies,2026-08-31,1
HR,Healthcare Realty Trust,US,S&P 400,https://en.wikipedia.org/wiki/List_of_S%26P_400_companies,2026-08-31,1
HRB,H&R Block,US,S&P 400,https://en.wikipedia.org/wiki/List_of_S%26P_400_companies,2026-08-31,1
HWC,Hancock Whitney,US,S&P 400,https://en.wikipedia.org/wiki/List_of_S%26P_400_companies,2026-08-31,1
HXL,Hexcel,US,S&P 400,https://en.wikipedia.org/wiki/List_of_S%26P_400_companies,2026-08-31,1
IBOC,Intl Bancshares Corp,US,S&P 400,https://en.wikipedia.org/wiki/List_of_S%26P_400_companies,2026-08-31,1
IDA,Idacorp,US,S&P 400,https://en.wikipedia.org/wiki/List_of_S%26P_400_companies,2026-08-31,1
IDCC,InterDigital,US,S&P 400,https://en.wikipedia.org/wiki/List_of_S%26P_400_companies,2026-08-31,1
IESC,IES Holdings,US,S&P 400,https://en.wikipedia.org/wiki/List_of_S%26P_400_companies,2026-08-31,1
ILMN,"Illumina, Inc.",US,S&P 400,https://en.wikipedia.org/wiki/List_of_S%26P_400_companies,2026-08-31,0
INGR,Ingredion,US,S&P 400,https://en.wikipedia.org/wiki/List_of_S%26P_400_companies,2026-08-31,1
IPGP,IPG Photonics,US,S&P 400,https://en.wikipedia.org/wiki/List_of_S%26P_400_companies,2026-08-31,1
IRT,Independence Realty Trust,US,S&P 400,https://en.wikipedia.org/wiki/List_of_S%26P_400_companies,2026-08-31,1
ITT,ITT Inc.,US,S&P 400,https://en.wikipedia.org/wiki/List_of_S%26P_400_companies,2026-08-31,1
JAZZ,Jazz Pharmaceuticals,US,S&P 400,https://en.wikipedia.org/wiki/List_of_S%26P_400_companies,2026-08-31,1
JEF,Jefferies,US,S&P 400,https://en.wikipedia.org/wiki/List_of_S%26P_400_companies,2026-08-31,1
JLL,Jones Lang LaSalle,US,S&P 400,https://en.wikipedia.org/wiki/List_of_S%26P_400_companies,2026-08-31,1
KBH,KB Home,US,S&P 400,https://en.wikipedia.org/wiki/List_of_S%26P_400_companies,2026-08-31,1
KBR,"KBR, Inc.",US,S&P 400,https://en.wikipedia.org/wiki/List_of_S%26P_400_companies,2026-08-31,1
KD,Kyndryl,US,S&P 400,https://en.wikipedia.org/wiki/List_of_S%26P_400_companies,2026-08-31,1
KEX,Kirby Corporation,US,S&P 400,https://en.wikipedia.org/wiki/List_of_S%26P_400_companies,2026-08-31,1
KNF,Knife River Corporation,US,S&P 400,https://en.wikipedia.org/wiki/List_of_S%26P_400_companies,2026-08-31,1
KNSL,Kinsale Capital Group,US,S&P 400,https://en.wikipedia.org/wiki/List_of_S%26P_400_companies,2026-08-31,1
KNX,Knight-Swift,US,S&P 400,https://en.wikipedia.org/wiki/List_of_S%26P_400_companies,2026-08-31,1
KRC,Kilroy Realty Corp,US,S&P 400,https://en.wikipedia.org/wiki/List_of_S%26P_400_companies,2026-08-31,1
KRG,Kite Realty Group Trust,US,S&P 400,https://en.wikipedia.org/wiki/List_of_S%26P_400_companies,2026-08-31,1
KRYS,Krystal Biotech,US,S&P 400,https://en.wikipedia.org/wiki/List_of_S%26P_400_companies,2026-08-31,0
KTOS,Kratos Defense & Security Solutions,US,S&P 400,https://en.wikipedia.org/wiki/List_of_S%26P_400_companies,2026-08-31,0
LAD,Lithia Motors,US,S&P 400,https://en.wikipedia.org/wiki/List_of_S%26P_400_companies,2026-08-31,1
LAMR,Lamar Advertising Company,US,S&P 400,https://en.wikipedia.org/wiki/List_of_S%26P_400_companies,2026-08-31,1
LEA,Lear,US,S&P 400,https://en.wikipedia.org/wiki/List_of_S%26P_400_companies,2026-08-31,1
LECO,Lincoln Electric,US,S&P 400,https://en.wikipedia.org/wiki/List_of_S%26P_400_companies,2026-08-31,1
LFUS,Littelfuse,US,S&P 400,https://en.wikipedia.org/wiki/List_of_S%26P_400_companies,2026-08-31,1
LIVN,LivaNova,US,S&P 400,https://en.wikipedia.org/wiki/List_of_S%26P_400_companies,2026-08-31,1
LNTH,Lantheus Holdings,US,S&P 400,https://en.wikipedia.org/wiki/List_of_S%26P_400_companies,2026-08-31,1
LOPE,Grand Canyon Education,US,S&P 400,https://en.wikipedia.org/wiki/List_of_S%26P_400_companies,2026-08-31,1
LPX,Louisiana-Pacific,US,S&P 400,https://en.wikipedia.org/wiki/List_of_S%26P_400_companies,2026-08-31,1
LSCC,Lattice Semiconductor,US,S&P 400,https://en.wikipedia.org/wiki/List_of_S%26P_400_companies,2026-08-31,0
LSTR,Landstar System,US,S&P 400,https://en.wikipedia.org/wiki/List_of_S%26P_400_companies,2026-08-31,1
M,Macy's,US,S&P 400,https://en.wikipedia.org/wiki/List_of_S%26P_400_companies,2026-08-31,1
MANH,Manhattan Associates,US,S&P 400,https://en.wikipedia.org/wiki/List_of_S%26P_400_companies,2026-08-31,1
MAT,Mattel,US,S&P 400,https://en.wikipedia.org/wiki/List_of_S%26P_400_companies,2026-08-31,1
MEDP,Medpace,US,S&P 400,https://en.wikipedia.org/wiki/List_of_S%26P_400_companies,2026-08-31,1
MIDD,Middleby,US,S&P 400,https://en.wikipedia.org/wiki/List_of_S%26P_400_companies,2026-08-31,1
MKSI,MKS Instruments,US,S&P 400,https://en.wikipedia.org/wiki/List_of_S%26P_400_companies,2026-08-31,1
MLI,Mueller Industries,US,S&P 400,https://en.wikipedia.org/wiki/List_of_S%26P_400_companies,2026-08-31,1
MMS,Maximus Inc.,US,S&P 400,https://en.wikipedia.org/wiki/List_of_S%26P_400_companies,2026-08-31,1
MOG-A,Moog Inc.,US,S&P 400,https://en.wikipedia.org/wiki/List_of_S%26P_400_companies,2026-08-31,0
MOH,Molina Healthcare,US,S&P 400,https://en.wikipedia.org/wiki/List_of_S%26P_400_companies,2026-08-31,1
MORN,"Morningstar, Inc.",US,S&P 400,https://en.wikipedia.org/wiki/List_of_S%26P_400_companies,2026-08-31,1
MP,MP Materials,US,S&P 400,https://en.wikipedia.org/wiki/List_of_S%26P_400_companies,2026-08-31,0
MSA,MSA Safety,US,S&P 400,https://en.wikipedia.org/wiki/List_of_S%26P_400_companies,2026-08-31,1
MSM,MSC Industrial Direct,US,S&P 400,https://en.wikipedia.org/wiki/List_of_S%26P_400_companies,2026-08-31,1
MTDR,Matador Resources,US,S&P 400,https://en.wikipedia.org/wiki/List_of_S%26P_400_companies,2026-08-31,1
MTG,MGIC Investment Corporation,US,S&P 400,https://en.wikipedia.org/wiki/List_of_S%26P_400_companies,2026-08-31,1
MTN,Vail Resorts,US,S&P 400,https://en.wikipedia.org/wiki/List_of_S%26P_400_companies,2026-08-31,1
MTSI,MACOM Technology Solutions,US,S&P 400,https://en.wikipedia.org/wiki/List_of_S%26P_400_companies,2026-08-31,0
MTZ,MasTec,US,S&P 400,https://en.wikipedia.org/wiki/List_of_S%26P_400_companies,2026-08-31,1
MUR,Murphy Oil,US,S&P 400,https://en.wikipedia.org/wiki/List_of_S%26P_400_companies,2026-08-31,1
MUSA,Murphy USA,US,S&P 400,https://en.wikipedia.org/wiki/List_of_S%26P_400_companies,2026-08-31,1
MZTI,The Marzetti Company,US,S&P 400,https://en.wikipedia.org/wiki/List_of_S%26P_400_companies,2026-08-31,1
NBIX,Neurocrine Biosciences,US,S&P 400,https://en.wikipedia.org/wiki/List_of_S%26P_400_companies,2026-08-31,0
NEU,NewMarket Corporation,US,S&P 400,https://en.wikipedia.org/wiki/List_of_S%26P_400_companies,2026-08-31,1
NFG,National Fuel Gas,US,S&P 400,https://en.wikipedia.org/wiki/List_of_S%26P_400_companies,2026-08-31,1
NJR,New Jersey Resources,US,S&P 400,https://en.wikipedia.org/wiki/List_of_S%26P_400_companies,2026-08-31,1
NLY,Annaly Capital Management,US,S&P 400,https://en.wikipedia.org/wiki/List_of_S%26P_400_companies,2026-08-31,1
NNN,NNN Reit,US,S&P 400,https://en.wikipedia.org/wiki/List_of_S%26P_400_companies,2026-08-31,1
NOV,NOV Inc.,US,S&P 400,https://en.wikipedia.org/wiki/List_of_S%26P_400_companies,2026-08-31,0
NOVT,Novanta,US,S&P 400,https://en.wikipedia.org/wiki/List_of_S%26P_400_companies,2026-08-31,1
NTNX,Nutanix,US,S&P 400,https://en.wikipedia.org/wiki/List_of_S%26P_400_companies,2026-08-31,0
NVST,Envista Holdings,US,S&P 400,https://en.wikipedia.org/wiki/List_of_S%26P_400_companies,2026-08-31,1
NVT,nVent Electric plc,US,S&P 400,https://en.wikipedia.org/wiki/List_of_S%26P_400_companies,2026-08-31,0
NWE,NorthWestern Energy,US,S&P 400,https://en.wikipedia.org/wiki/List_of_S%26P_400_companies,2026-08-31,1
NXST,Nexstar Media Group,US,S&P 400,https://en.wikipedia.org/wiki/List_of_S%26P_400_companies,2026-08-31,1
NXT,Nextpower,US,S&P 400,https://en.wikipedia.org/wiki/List_of_S%26P_400_companies,2026-08-31,0
NYT,New York Times Company,US,S&P 400,https://en.wikipedia.org/wiki/List_of_S%26P_400_companies,2026-08-31,1
OC,Owens Corning,US,S&P 400,https://en.wikipedia.org/wiki/List_of_S%26P_400_companies,2026-08-31,1
OGE,OGE Energy,US,S&P 400,https://en.wikipedia.org/wiki/List_of_S%26P_400_companies,2026-08-31,1
OGS,One Gas,US,S&P 400,https://en.wikipedia.org/wiki/List_of_S%26P_400_companies,2026-08-31,1
OHI,Omega Healthcare Investors,US,S&P 400,https://en.wikipedia.org/wiki/List_of_S%26P_400_companies,2026-08-31,1
OKTA,"Okta, Inc.",US,S&P 400,https://en.wikipedia.org/wiki/List_of_S%26P_400_companies,2026-08-31,0
OLED,Universal Display,US,S&P 400,https://en.wikipedia.org/wiki/List_of_S%26P_400_companies,2026-08-31,0
OLLI,Ollie's Bargain Outlet,US,S&P 400,https://en.wikipedia.org/wiki/List_of_S%26P_400_companies,2026-08-31,1
OLN,Olin Corporation,US,S&P 400,https://en.wikipedia.org/wiki/List_of_S%26P_400_companies,2026-08-31,1
ONB,Old National Bank,US,S&P 400,https://en.wikipedia.org/wiki/List_of_S%26P_400_companies,2026-08-31,1
ONTO,Onto Innovation,US,S&P 400,https://en.wikipedia.org/wiki/List_of_S%26P_400_companies,2026-08-31,0
OPCH,Option Care Health,US,S&P 400,https://en.wikipedia.org/wiki/List_of_S%26P_400_companies,2026-08-31,1
ORA,Ormat Technologies,US,S&P 400,https://en.wikipedia.org/wiki/List_of_S%26P_400_companies,2026-08-31,0
ORI,Old Republic International,US,S&P 400,https://en.wikipedia.org/wiki/List_of_S%26P_400_companies,2026-08-31,1
OSK,Oshkosh,US,S&P 400,https://en.wikipedia.org/wiki/List_of_S%26P_400_companies,2026-08-31,1
OVV,Ovintiv,US,S&P 400,https://en.wikipedia.org/wiki/List_of_S%26P_400_companies,2026-08-31,0
OZK,Bank OZK,US,S&P 400,https://en.wikipedia.org/wiki/List_of_S%26P_400_companies,2026-08-31,1
P,Everpure,US,S&P 400,https://en.wikipedia.org/wiki/List_of_S%26P_400_companies,2026-08-31,1
PAG,Penske Automotive Group,US,S&P 400,https://en.wikipedia.org/wiki/List_of_S%26P_400_companies,2026-08-31,1
PATH,UiPath,US,S&P 400,https://en.wikipedia.org/wiki/List_of_S%26P_400_companies,2026-08-31,0
PB,Prosperity Bancshares,US,S&P 400,https://en.wikipedia.org/wiki/List_of_S%26P_400_companies,2026-08-31,1
PBF,PBF Energy,US,S&P 400,https://en.wikipedia.org/wiki/List_of_S%26P_400_companies,2026-08-31,1
PCTY,Paylocity,US,S&P 400,https://en.wikipedia.org/wiki/List_of_S%26P_400_companies,2026-08-31,0
PEGA,Pegasystems,US,S&P 400,https://en.wikipedia.org/wiki/List_of_S%26P_400_companies,2026-08-31,0
PEN,"Penumbra, Inc.",US,S&P 400,https://en.wikipedia.org/wiki/List_of_S%26P_400_companies,2026-08-31,0
PFGC,Performance Food Group,US,S&P 400,https://en.wikipedia.org/wiki/List_of_S%26P_400_companies,2026-08-31,1
PII,Polaris,US,S&P 400,https://en.wikipedia.org/wiki/List_of_S%26P_400_companies,2026-08-31,1
PINS,Pinterest,US,S&P 400,https://en.wikipedia.org/wiki/List_of_S%26P_400_companies,2026-08-31,0
PK,Park Hotels & Resorts,US,S&P 400,https://en.wikipedia.org/wiki/List_of_S%26P_400_companies,2026-08-31,1
PLNT,Planet Fitness,US,S&P 400,https://en.wikipedia.org/wiki/List_of_S%26P_400_companies,2026-08-31,1
PNFP,Pinnacle Financial Partners,US,S&P 400,https://en.wikipedia.org/wiki/List_of_S%26P_400_companies,2026-08-31,1
POR,Portland General Electric,US,S&P 400,https://en.wikipedia.org/wiki/List_of_S%26P_400_companies,2026-08-31,1
POST,Post Holdings,US,S&P 400,https://en.wikipedia.org/wiki/List_of_S%26P_400_companies,2026-08-31,1
PPC,Pilgrim's Pride,US,S&P 400,https://en.wikipedia.org/wiki/List_of_S%26P_400_companies,2026-08-31,1
PR,Permian Resources,US,S&P 400,https://en.wikipedia.org/wiki/List_of_S%26P_400_companies,2026-08-31,0
PRI,Primerica,US,S&P 400,https://en.wikipedia.org/wiki/List_of_S%26P_400_companies,2026-08-31,1
PSN,Parsons Corporation,US,S&P 400,https://en.wikipedia.org/wiki/List_of_S%26P_400_companies,2026-08-31,1
PVH,PVH Corp.,US,S&P 400,https://en.wikipedia.org/wiki/List_of_S%26P_400_companies,2026-08-31,1
QLYS,Qualys,US,S&P 400,https://en.wikipedia.org/wiki/List_of_S%26P_400_companies,2026-08-31,0
R,Ryder,US,S&P 400,https://en.wikipedia.org/wiki/List_of_S%26P_400_companies,2026-08-31,1
RBA,RB Global,US,S&P 400,https://en.wikipedia.org/wiki/List_of_S%26P_400_companies,2026-08-31,1
RBC,RBC Bearings,US,S&P 400,https://en.wikipedia.org/wiki/List_of_S%26P_400_companies,2026-08-31,1
REXR,Rexford Industrial Realty,US,S&P 400,https://en.wikipedia.org/wiki/List_of_S%26P_400_companies,2026-08-31,0
RGA,Reinsurance Group of America,US,S&P 400,https://en.wikipedia.org/wiki/List_of_S%26P_400_companies,2026-08-31,1
RGEN,Repligen,US,S&P 400,https://en.wikipedia.org/wiki/List_of_S%26P_400_companies,2026-08-31,1
RGLD,Royal Gold,US,S&P 400,https://en.wikipedia.org/wiki/List_of_S%26P_400_companies,2026-08-31,1
RH,RH,US,S&P 400,https://en.wikipedia.org/wiki/List_of_S%26P_400_companies,2026-08-31,0
RLI,RLI Corp.,US,S&P 400,https://en.wikipedia.org/wiki/List_of_S%26P_400_companies,2026-08-31,1
RMBS,Rambus,US,S&P 400,https://en.wikipedia.org/wiki/List_of_S%26P_400_companies,2026-08-31,0
RNR,RenaissanceRe,US,S&P 400,https://en.wikipedia.org/wiki/List_of_S%26P_400_companies,2026-08-31,1
ROIV,Roivant Sciences,US,S&P 400,https://en.wikipedia.org/wiki/List_of_S%26P_400_companies,2026-08-31,0
ROKU,"Roku, Inc.",US,S&P 400,https://en.wikipedia.org/wiki/List_of_S%26P_400_companies,2026-08-31,0
RPM,RPM International,US,S&P 400,https://en.wikipedia.org/wiki/List_of_S%26P_400_companies,2026-08-31,1
RRC,Range Resources,US,S&P 400,https://en.wikipedia.org/wiki/List_of_S%26P_400_companies,2026-08-31,0
RRX,Regal Rexnord,US,S&P 400,https://en.wikipedia.org/wiki/List_of_S%26P_400_companies,2026-08-31,1
RS,"Reliance, Inc.",US,S&P 400,https://en.wikipedia.org/wiki/List_of_S%26P_400_companies,2026-08-31,1
RYAN,Ryan Specialty,US,S&P 400,https://en.wikipedia.org/wiki/List_of_S%26P_400_companies,2026-08-31,1
RYN,Rayonier,US,S&P 400,https://en.wikipedia.org/wiki/List_of_S%26P_400_companies,2026-08-31,1
SAIA,Saia,US,S&P 400,https://en.wikipedia.org/wiki/List_of_S%26P_400_companies,2026-08-31,1
SAIC,Science Applications Intl Corp,US,S&P 400,https://en.wikipedia.org/wiki/List_of_S%26P_400_companies,2026-08-31,0
SAM,Boston Beer Company,US,S&P 400,https://en.wikipedia.org/wiki/List_of_S%26P_400_companies,2026-08-31,1
SANM,Sanmina Corporation,US,S&P 400,https://en.wikipedia.org/wiki/List_of_S%26P_400_companies,2026-08-31,0
SARO,StandardAero,US,S&P 400,https://en.wikipedia.org/wiki/List_of_S%26P_400_companies,2026-08-31,1
SBRA,Sabra Health Care REIT,US,S&P 400,https://en.wikipedia.org/wiki/List_of_S%26P_400_companies,2026-08-31,1
SCI,Service Corp Intl,US,S&P 400,https://en.wikipedia.org/wiki/List_of_S%26P_400_companies,2026-08-31,1
SEIC,SEI Investments Company,US,S&P 400,https://en.wikipedia.org/wiki/List_of_S%26P_400_companies,2026-08-31,1
SF,Stifel,US,S&P 400,https://en.wikipedia.org/wiki/List_of_S%26P_400_companies,2026-08-31,1
SFM,Sprouts Farmers Market,US,S&P 400,https://en.wikipedia.org/wiki/List_of_S%26P_400_companies,2026-08-31,1
SGI,Somnigroup International,US,S&P 400,https://en.wikipedia.org/wiki/List_of_S%26P_400_companies,2026-08-31,1
SHC,Sotera Health,US,S&P 400,https://en.wikipedia.org/wiki/List_of_S%26P_400_companies,2026-08-31,1
SIGI,Selective Insurance Group,US,S&P 400,https://en.wikipedia.org/wiki/List_of_S%26P_400_companies,2026-08-31,1
SIRI,SiriusXM,US,S&P 400,https://en.wikipedia.org/wiki/List_of_S%26P_400_companies,2026-08-31,1
SITM,SiTime,US,S&P 400,https://en.wikipedia.org/wiki/List_of_S%26P_400_companies,2026-08-31,0
SLAB,Silicon Labs,US,S&P 400,https://en.wikipedia.org/wiki/List_of_S%26P_400_companies,2026-08-31,0
SLGN,Silgan Holdings,US,S&P 400,https://en.wikipedia.org/wiki/List_of_S%26P_400_companies,2026-08-31,1
SLM,SLM Corp,US,S&P 400,https://en.wikipedia.org/wiki/List_of_S%26P_400_companies,2026-08-31,1
SMG,Scotts Miracle-Gro Company,US,S&P 400,https://en.wikipedia.org/wiki/List_of_S%26P_400_companies,2026-08-31,1
SMTC,Semtech,US,S&P 400,https://en.wikipedia.org/wiki/List_of_S%26P_400_companies,2026-08-31,0
SN,SharkNinja,US,S&P 400,https://en.wikipedia.org/wiki/List_of_S%26P_400_companies,2026-08-31,1
SNX,TD Synnex,US,S&P 400,https://en.wikipedia.org/wiki/List_of_S%26P_400_companies,2026-08-31,1
SOLS,Solstice Advanced Materials,US,S&P 400,https://en.wikipedia.org/wiki/List_of_S%26P_400_companies,2026-08-31,1
SON,Sonoco,US,S&P 400,https://en.wikipedia.org/wiki/List_of_S%26P_400_companies,2026-08-31,1
SPXC,SPX Technologies,US,S&P 400,https://en.wikipedia.org/wiki/List_of_S%26P_400_companies,2026-08-31,1
SR,Spire,US,S&P 400,https://en.wikipedia.org/wiki/List_of_S%26P_400_companies,2026-08-31,1
SSB,South State Bank,US,S&P 400,https://en.wikipedia.org/wiki/List_of_S%26P_400_companies,2026-08-31,1
SSD,Simpson Manufacturing,US,S&P 400,https://en.wikipedia.org/wiki/List_of_S%26P_400_companies,2026-08-31,1
ST,Sensata Technologies,US,S&P 400,https://en.wikipedia.org/wiki/List_of_S%26P_400_companies,2026-08-31,1
STAG,STAG Industrial,US,S&P 400,https://en.wikipedia.org/wiki/List_of_S%26P_400_companies,2026-08-31,0
STRL,Sterling Infrastructure,US,S&P 400,https://en.wikipedia.org/wiki/List_of_S%26P_400_companies,2026-08-31,1
STWD,Starwood Property Trust,US,S&P 400,https://en.wikipedia.org/wiki/List_of_S%26P_400_companies,2026-08-31,1
SUI,Sun Communities,US,S&P 400,https://en.wikipedia.org/wiki/List_of_S%26P_400_companies,2026-08-31,0
SWX,Southwest Gas Corp,US,S&P 400,https://en.wikipedia.org/wiki/List_of_S%26P_400_companies,2026-08-31,1
SYNA,Synaptics,US,S&P 400,https://en.wikipedia.org/wiki/List_of_S%26P_400_companies,2026-08-31,0
TCBI,Texas Capital Bancshares,US,S&P 400,https://en.wikipedia.org/wiki/List_of_S%26P_400_companies,2026-08-31,1
TEX,Terex,US,S&P 400,https://en.wikipedia.org/wiki/List_of_S%26P_400_companies,2026-08-31,1
THC,Tenet Health,US,S&P 400,https://en.wikipedia.org/wiki/List_of_S%26P_400_companies,2026-08-31,1
THG,Hanover Insurance,US,S&P 400,https://en.wikipedia.org/wiki/List_of_S%26P_400_companies,2026-08-31,1
THO,Thor Industries,US,S&P 400,https://en.wikipedia.org/wiki/List_of_S%26P_400_companies,2026-08-31,1
TKR,Timken,US,S&P 400,https://en.wikipedia.org/wiki/List_of_S%26P_400_companies,2026-08-31,1
TLN,Talen Energy,US,S&P 400,https://en.wikipedia.org/wiki/List_of_S%26P_400_companies,2026-08-31,0
TNL,Travel + Leisure Co.,US,S&P 400,https://en.wikipedia.org/wiki/List_of_S%26P_400_companies,2026-08-31,1
TOL,Toll Brothers,US,S&P 400,https://en.wikipedia.org/wiki/List_of_S%26P_400_companies,2026-08-31,1
TOST,"Toast, Inc.",US,S&P 400,https://en.wikipedia.org/wiki/List_of_S%26P_400_companies,2026-08-31,0
TREX,Trex,US,S&P 400,https://en.wikipedia.org/wiki/List_of_S%26P_400_companies,2026-08-31,1
TRU,TransUnion,US,S&P 400,https://en.wikipedia.org/wiki/List_of_S%26P_400_companies,2026-08-31,1
TTC,Toro,US,S&P 400,https://en.wikipedia.org/wiki/List_of_S%26P_400_companies,2026-08-31,1
TTEK,Tetra Tech,US,S&P 400,https://en.wikipedia.org/wiki/List_of_S%26P_400_companies,2026-08-31,1
TTMI,TTM Technologies,US,S&P 400,https://en.wikipedia.org/wiki/List_of_S%26P_400_companies,2026-08-31,1
TWLO,Twilio,US,S&P 400,https://en.wikipedia.org/wiki/List_of_S%26P_400_companies,2026-08-31,0
TXNM,TXNM Energy,US,S&P 400,https://en.wikipedia.org/wiki/List_of_S%26P_400_companies,2026-08-31,1
TXRH,Texas Roadhouse,US,S&P 400,https://en.wikipedia.org/wiki/List_of_S%26P_400_companies,2026-08-31,0
UBSI,United Bankshares,US,S&P 400,https://en.wikipedia.org/wiki/List_of_S%26P_400_companies,2026-08-31,1
UFPI,UFP Industries,US,S&P 400,https://en.wikipedia.org/wiki/List_of_S%26P_400_companies,2026-08-31,1
UGI,UGI Corp,US,S&P 400,https://en.wikipedia.org/wiki/List_of_S%26P_400_companies,2026-08-31,1
ULS,UL Solutions,US,S&P 400,https://en.wikipedia.org/wiki/List_of_S%26P_400_companies,2026-08-31,1
UMBF,UMB Financial Corp.,US,S&P 400,https://en.wikipedia.org/wiki/List_of_S%26P_400_companies,2026-08-31,1
UNM,Unum,US,S&P 400,https://en.wikipedia.org/wiki/List_of_S%26P_400_companies,2026-08-31,1
USFD,US Foods,US,S&P 400,https://en.wikipedia.org/wiki/List_of_S%26P_400_companies,2026-08-31,1
UTHR,United Therapeutics,US,S&P 400,https://en.wikipedia.org/wiki/List_of_S%26P_400_companies,2026-08-31,1
VAL,Valaris,US,S&P 400,https://en.wikipedia.org/wiki/List_of_S%26P_400_companies,2026-08-31,1
VC,Visteon,US,S&P 400,https://en.wikipedia.org/wiki/List_of_S%26P_400_companies,2026-08-31,1
VFC,VF Corporation,US,S&P 400,https://en.wikipedia.org/wiki/List_of_S%26P_400_companies,2026-08-31,1
VIAV,Viavi Solutions,US,S&P 400,https://en.wikipedia.org/wiki/List_of_S%26P_400_companies,2026-08-31,1
VICR,Vicor Corporation,US,S&P 400,https://en.wikipedia.org/wiki/List_of_S%26P_400_companies,2026-08-31,1
VLY,Valley Bank,US,S&P 400,https://en.wikipedia.org/wiki/List_of_S%26P_400_companies,2026-08-31,1
VMI,Valmont Industries,US,S&P 400,https://en.wikipedia.org/wiki/List_of_S%26P_400_companies,2026-08-31,1
VNO,Vornado Realty Trust,US,S&P 400,https://en.wikipedia.org/wiki/List_of_S%26P_400_companies,2026-08-31,1
VNOM,Viper Energy,US,S&P 400,https://en.wikipedia.org/wiki/List_of_S%26P_400_companies,2026-08-31,1
VNT,Vontier,US,S&P 400,https://en.wikipedia.org/wiki/List_of_S%26P_400_companies,2026-08-31,1
VOYA,Voya Financial,US,S&P 400,https://en.wikipedia.org/wiki/List_of_S%26P_400_companies,2026-08-31,1
VVV,Valvoline,US,S&P 400,https://en.wikipedia.org/wiki/List_of_S%26P_400_companies,2026-08-31,1
WAL,Western Alliance Bancorporation,US,S&P 400,https://en.wikipedia.org/wiki/List_of_S%26P_400_companies,2026-08-31,1
WCC,WESCO International,US,S&P 400,https://en.wikipedia.org/wiki/List_of_S%26P_400_companies,2026-08-31,1
WEX,WEX Inc.,US,S&P 400,https://en.wikipedia.org/wiki/List_of_S%26P_400_companies,2026-08-31,1
WFRD,Weatherford International,US,S&P 400,https://en.wikipedia.org/wiki/List_of_S%26P_400_companies,2026-08-31,1
WH,Wyndham Hotels & Resorts,US,S&P 400,https://en.wikipedia.org/wiki/List_of_S%26P_400_companies,2026-08-31,1
WHR,Whirlpool Corporation,US,S&P 400,https://en.wikipedia.org/wiki/List_of_S%26P_400_companies,2026-08-31,1
WING,Wingstop,US,S&P 400,https://en.wikipedia.org/wiki/List_of_S%26P_400_companies,2026-08-31,0
WLK,Westlake Corporation,US,S&P 400,https://en.wikipedia.org/wiki/List_of_S%26P_400_companies,2026-08-31,1
WMG,Warner Music Group,US,S&P 400,https://en.wikipedia.org/wiki/List_of_S%26P_400_companies,2026-08-31,1
WMS,Advanced Drainage Systems,US,S&P 400,https://en.wikipedia.org/wiki/List_of_S%26P_400_companies,2026-08-31,1
WPC,W. P. Carey,US,S&P 400,https://en.wikipedia.org/wiki/List_of_S%26P_400_companies,2026-08-31,0
WSO,Watsco,US,S&P 400,https://en.wikipedia.org/wiki/List_of_S%26P_400_companies,2026-08-31,1
WTFC,Wintrust Financial,US,S&P 400,https://en.wikipedia.org/wiki/List_of_S%26P_400_companies,2026-08-31,1
WTRG,Essential Utilities,US,S&P 400,https://en.wikipedia.org/wiki/List_of_S%26P_400_companies,2026-08-31,1
WTS,Watts Water Technologies,US,S&P 400,https://en.wikipedia.org/wiki/List_of_S%26P_400_companies,2026-08-31,1
WWD,"Woodward, Inc.",US,S&P 400,https://en.wikipedia.org/wiki/List_of_S%26P_400_companies,2026-08-31,1
XPO,"XPO, Inc.",US,S&P 400,https://en.wikipedia.org/wiki/List_of_S%26P_400_companies,2026-08-31,1
XRAY,Dentsply Sirona,US,S&P 400,https://en.wikipedia.org/wiki/List_of_S%26P_400_companies,2026-08-31,1
YETI,Yeti Holdings,US,S&P 400,https://en.wikipedia.org/wiki/List_of_S%26P_400_companies,2026-08-31,0
ZION,Zions Bancorporation,US,S&P 400,https://en.wikipedia.org/wiki/List_of_S%26P_400_companies,2026-08-31,1
AAMI,Acadian Asset Management Inc.,US,S&P 600,https://en.wikipedia.org/wiki/List_of_S%26P_600_companies,2026-08-31,1
AAP,"Advance Auto Parts, Inc.",US,S&P 600,https://en.wikipedia.org/wiki/List_of_S%26P_600_companies,2026-08-31,1
AAT,American Assets Trust,US,S&P 600,https://en.wikipedia.org/wiki/List_of_S%26P_600_companies,2026-08-31,1
ABCB,Ameris Bancorp,US,S&P 600,https://en.wikipedia.org/wiki/List_of_S%26P_600_companies,2026-08-31,1
ABG,Asbury Automotive Group,US,S&P 600,https://en.wikipedia.org/wiki/List_of_S%26P_600_companies,2026-08-31,1
ABM,"ABM Industries, Inc.",US,S&P 600,https://en.wikipedia.org/wiki/List_of_S%26P_600_companies,2026-08-31,1
ABR,Arbor Realty Trust,US,S&P 600,https://en.wikipedia.org/wiki/List_of_S%26P_600_companies,2026-08-31,1
ACA,"Arcosa, Inc.",US,S&P 600,https://en.wikipedia.org/wiki/List_of_S%26P_600_companies,2026-08-31,1
ACAD,Acadia Pharmaceuticals,US,S&P 600,https://en.wikipedia.org/wiki/List_of_S%26P_600_companies,2026-08-31,1
ACHC,Acadia Healthcare,US,S&P 600,https://en.wikipedia.org/wiki/List_of_S%26P_600_companies,2026-08-31,1
ACIW,ACI Worldwide,US,S&P 600,https://en.wikipedia.org/wiki/List_of_S%26P_600_companies,2026-08-31,1
ACLS,"Axcelis Technologies, Inc.",US,S&P 600,https://en.wikipedia.org/wiki/List_of_S%26P_600_companies,2026-08-31,0
ACMR,"ACM Research, Inc.",US,S&P 600,https://en.wikipedia.org/wiki/List_of_S%26P_600_companies,2026-08-31,1
ACT,"Enact Holdings, Inc.",US,S&P 600,https://en.wikipedia.org/wiki/List_of_S%26P_600_companies,2026-08-31,1
ADAM,"Adamas Trust, Inc.",US,S&P 600,https://en.wikipedia.org/wiki/List_of_S%26P_600_companies,2026-08-31,1
ADEA,"Adeia, Inc.",US,S&P 600,https://en.wikipedia.org/wiki/List_of_S%26P_600_companies,2026-08-31,1
ADIG,ADI Global Distribution,US,S&P 600,https://en.wikipedia.org/wiki/List_of_S%26P_600_companies,2026-08-31,1
ADMA,"ADMA Biologics, Inc.",US,S&P 600,https://en.wikipedia.org/wiki/List_of_S%26P_600_companies,2026-08-31,1
ADNT,Adient,US,S&P 600,https://en.wikipedia.org/wiki/List_of_S%26P_600_companies,2026-08-31,1
ADT,ADT Inc.,US,S&P 600,https://en.wikipedia.org/wiki/List_of_S%26P_600_companies,2026-08-31,1
ADUS,Addus HomeCare Corp.,US,S&P 600,https://en.wikipedia.org/wiki/List_of_S%26P_600_companies,2026-08-31,1
AEO,American Eagle Outfitters,US,S&P 600,https://en.wikipedia.org/wiki/List_of_S%26P_600_companies,2026-08-31,1
AESI,"Atlas Energy Solutions, Inc.",US,S&P 600,https://en.wikipedia.org/wiki/List_of_S%26P_600_companies,2026-08-31,1
AGNT,"eXp World Holdings, Inc.",US,S&P 600,https://en.wikipedia.org/wiki/List_of_S%26P_600_companies,2026-08-31,1
AGO,Assured Guaranty Ltd.,US,S&P 600,https://en.wikipedia.org/wiki/List_of_S%26P_600_companies,2026-08-31,1
AGX,"Argan, Inc.",US,S&P 600,https://en.wikipedia.org/wiki/List_of_S%26P_600_companies,2026-08-31,1
AGYS,"Agilysys, Inc.",US,S&P 600,https://en.wikipedia.org/wiki/List_of_S%26P_600_companies,2026-08-31,1
AHCO,AdaptHealth Corp.,US,S&P 600,https://en.wikipedia.org/wiki/List_of_S%26P_600_companies,2026-08-31,1
AIN,Albany International Corp.,US,S&P 600,https://en.wikipedia.org/wiki/List_of_S%26P_600_companies,2026-08-31,1
AIR,AAR Corp.,US,S&P 600,https://en.wikipedia.org/wiki/List_of_S%26P_600_companies,2026-08-31,1
AKR,Acadia Realty Trust,US,S&P 600,https://en.wikipedia.org/wiki/List_of_S%26P_600_companies,2026-08-31,1
ALG,Alamo Group,US,S&P 600,https://en.wikipedia.org/wiki/List_of_S%26P_600_companies,2026-08-31,1
ALGT,Allegiant Travel Company,US,S&P 600,https://en.wikipedia.org/wiki/List_of_S%26P_600_companies,2026-08-31,1
ALHC,"Alignment Healthcare, Inc.",US,S&P 600,https://en.wikipedia.org/wiki/List_of_S%26P_600_companies,2026-08-31,1
ALKS,Alkermes plc,US,S&P 600,https://en.wikipedia.org/wiki/List_of_S%26P_600_companies,2026-08-31,1
ALRM,"Alarm.Com, Inc.",US,S&P 600,https://en.wikipedia.org/wiki/List_of_S%26P_600_companies,2026-08-31,0
AMN,"Amn Healthcare Services, Inc.",US,S&P 600,https://en.wikipedia.org/wiki/List_of_S%26P_600_companies,2026-08-31,1
AMPH,"Amphstar Pharmaceuticals, Inc.",US,S&P 600,https://en.wikipedia.org/wiki/List_of_S%26P_600_companies,2026-08-31,1
AMR,"Alpha Metallurgical Resources, Inc.",US,S&P 600,https://en.wikipedia.org/wiki/List_of_S%26P_600_companies,2026-08-31,1
AMRX,Amneal Pharmaceuticals,US,S&P 600,https://en.wikipedia.org/wiki/List_of_S%26P_600_companies,2026-08-31,1
AMSF,"Amerisafe, Inc.",US,S&P 600,https://en.wikipedia.org/wiki/List_of_S%26P_600_companies,2026-08-31,1
AMTM,Amentum,US,S&P 600,https://en.wikipedia.org/wiki/List_of_S%26P_600_companies,2026-08-31,1
ANDE,"The Andersons, Inc.",US,S&P 600,https://en.wikipedia.org/wiki/List_of_S%26P_600_companies,2026-08-31,1
ANIP,"ANI Pharmaceuticals, Inc.",US,S&P 600,https://en.wikipedia.org/wiki/List_of_S%26P_600_companies,2026-08-31,1
AORT,Artivion,US,S&P 600,https://en.wikipedia.org/wiki/List_of_S%26P_600_companies,2026-08-31,1
AOSL,"Alpha and Omega Semiconductor, Ltd.",US,S&P 600,https://en.wikipedia.org/wiki/List_of_S%26P_600_companies,2026-08-31,1
APAM,"Artisan Partners Asset Management, Inc.",US,S&P 600,https://en.wikipedia.org/wiki/List_of_S%26P_600_companies,2026-08-31,1
APLE,"Apple Hospitality REIT, Inc.",US,S&P 600,https://en.wikipedia.org/wiki/List_of_S%26P_600_companies,2026-08-31,1
APOG,"Apogee Enterprises, Inc.",US,S&P 600,https://en.wikipedia.org/wiki/List_of_S%26P_600_companies,2026-08-31,1
ARCB,ArcBest Corp.,US,S&P 600,https://en.wikipedia.org/wiki/List_of_S%26P_600_companies,2026-08-31,1
ARLO,Arlo Technologies,US,S&P 600,https://en.wikipedia.org/wiki/List_of_S%26P_600_companies,2026-08-31,1
AROC,"Archrock, Inc.",US,S&P 600,https://en.wikipedia.org/wiki/List_of_S%26P_600_companies,2026-08-31,1
ARR,Armour Residential REIT,US,S&P 600,https://en.wikipedia.org/wiki/List_of_S%26P_600_companies,2026-08-31,1
ASO,Academy Sports + Outdoors,US,S&P 600,https://en.wikipedia.org/wiki/List_of_S%26P_600_companies,2026-08-31,1
ASTE,"Astec Industries, Inc.",US,S&P 600,https://en.wikipedia.org/wiki/List_of_S%26P_600_companies,2026-08-31,1
ASTH,"Astrana Health, Inc.",US,S&P 600,https://en.wikipedia.org/wiki/List_of_S%26P_600_companies,2026-08-31,1
ATEN,"A10 Networks, Inc.",US,S&P 600,https://en.wikipedia.org/wiki/List_of_S%26P_600_companies,2026-08-31,1
ATMU,Atmus Filtration Technologies Inc.,US,S&P 600,https://en.wikipedia.org/wiki/List_of_S%26P_600_companies,2026-08-31,1
AUB,"Atlantic Union Bankshares, Corp.",US,S&P 600,https://en.wikipedia.org/wiki/List_of_S%26P_600_companies,2026-08-31,1
AVA,Avista Corporation,US,S&P 600,https://en.wikipedia.org/wiki/List_of_S%26P_600_companies,2026-08-31,1
AWI,"Armstrong World Industries, Inc.",US,S&P 600,https://en.wikipedia.org/wiki/List_of_S%26P_600_companies,2026-08-31,1
AWR,American States Water Company,US,S&P 600,https://en.wikipedia.org/wiki/List_of_S%26P_600_companies,2026-08-31,1
AX,"Axos Financial, Inc.",US,S&P 600,https://en.wikipedia.org/wiki/List_of_S%26P_600_companies,2026-08-31,1
AZTA,"Azenta, Inc.",US,S&P 600,https://en.wikipedia.org/wiki/List_of_S%26P_600_companies,2026-08-31,1
AZZ,"AZZ, Inc.",US,S&P 600,https://en.wikipedia.org/wiki/List_of_S%26P_600_companies,2026-08-31,1
BANC,"Banc Of California, Inc.",US,S&P 600,https://en.wikipedia.org/wiki/List_of_S%26P_600_companies,2026-08-31,1
BANF,Bancfirst Corp,US,S&P 600,https://en.wikipedia.org/wiki/List_of_S%26P_600_companies,2026-08-31,1
BANR,Banner Corporation,US,S&P 600,https://en.wikipedia.org/wiki/List_of_S%26P_600_companies,2026-08-31,1
BBT,Beacon Financial Corp.,US,S&P 600,https://en.wikipedia.org/wiki/List_of_S%26P_600_companies,2026-08-31,1
BCC,Boise Cascade,US,S&P 600,https://en.wikipedia.org/wiki/List_of_S%26P_600_companies,2026-08-31,1
BCPC,Balchem Corporation,US,S&P 600,https://en.wikipedia.org/wiki/List_of_S%26P_600_companies,2026-08-31,1
BFAM,Bright Horizons Family Solutions Inc.,US,S&P 600,https://en.wikipedia.org/wiki/List_of_S%26P_600_companies,2026-08-31,1
BFH,"Bread Financial Holdings, Inc.",US,S&P 600,https://en.wikipedia.org/wiki/List_of_S%26P_600_companies,2026-08-31,1
BFS,"Saul Centers, Inc.",US,S&P 600,https://en.wikipedia.org/wiki/List_of_S%26P_600_companies,2026-08-31,2
BGC,"BGC Group, Inc.",US,S&P 600,https://en.wikipedia.org/wiki/List_of_S%26P_600_companies,2026-08-31,2
BHE,"Benchmark Electronics, Inc.",US,S&P 600,https://en.wikipedia.org/wiki/List_of_S%26P_600_companies,2026-08-31,2
BJRI,"BJ's Restaurants, Inc.",US,S&P 600,https://en.wikipedia.org/wiki/List_of_S%26P_600_companies,2026-08-31,2
BKE,"The Buckle, Inc.",US,S&P 600,https://en.wikipedia.org/wiki/List_of_S%26P_600_companies,2026-08-31,2
BKU,"BankUnited, Inc.",US,S&P 600,https://en.wikipedia.org/wiki/List_of_S%26P_600_companies,2026-08-31,2
BL,"BlackLine Systems, Inc.",US,S&P 600,https://en.wikipedia.org/wiki/List_of_S%26P_600_companies,2026-08-31,2
BLFS,"BioLife Solutions, Inc.",US,S&P 600,https://en.wikipedia.org/wiki/List_of_S%26P_600_companies,2026-08-31,2
BLKB,Blackbaud,US,S&P 600,https://en.wikipedia.org/wiki/List_of_S%26P_600_companies,2026-08-31,2
BMI,"Badger Meter, Inc.",US,S&P 600,https://en.wikipedia.org/wiki/List_of_S%26P_600_companies,2026-08-31,2
BNL,"Broadstone Net Lease, Inc.",US,S&P 600,https://en.wikipedia.org/wiki/List_of_S%26P_600_companies,2026-08-31,2
BOH,Bank of Hawaii,US,S&P 600,https://en.wikipedia.org/wiki/List_of_S%26P_600_companies,2026-08-31,2
BOOT,"Boot Barn Holdings, Inc.",US,S&P 600,https://en.wikipedia.org/wiki/List_of_S%26P_600_companies,2026-08-31,2
BOX,"Box, Inc.",US,S&P 600,https://en.wikipedia.org/wiki/List_of_S%26P_600_companies,2026-08-31,0
BRC,Brady Corporation,US,S&P 600,https://en.wikipedia.org/wiki/List_of_S%26P_600_companies,2026-08-31,2
BTU,"Peabody Energy, Inc.",US,S&P 600,https://en.wikipedia.org/wiki/List_of_S%26P_600_companies,2026-08-31,2
BXMT,"Blackstone Mortgage Trust, Inc.",US,S&P 600,https://en.wikipedia.org/wiki/List_of_S%26P_600_companies,2026-08-31,2
CACC,Credit Acceptance,US,S&P 600,https://en.wikipedia.org/wiki/List_of_S%26P_600_companies,2026-08-31,2
CAG,Conagra Brands,US,S&P 600,https://en.wikipedia.org/wiki/List_of_S%26P_600_companies,2026-08-31,2
CAKE,"The Cheesecake Factory, Inc.",US,S&P 600,https://en.wikipedia.org/wiki/List_of_S%26P_600_companies,2026-08-31,2
CALM,"Cal-Maine Foods, Inc.",US,S&P 600,https://en.wikipedia.org/wiki/List_of_S%26P_600_companies,2026-08-31,2
CALX,Calix,US,S&P 600,https://en.wikipedia.org/wiki/List_of_S%26P_600_companies,2026-08-31,2
CALY,Callaway Golf Company,US,S&P 600,https://en.wikipedia.org/wiki/List_of_S%26P_600_companies,2026-08-31,2
CARG,CarGurus,US,S&P 600,https://en.wikipedia.org/wiki/List_of_S%26P_600_companies,2026-08-31,0
CASH,"Pathward Financial, Inc.",US,S&P 600,https://en.wikipedia.org/wiki/List_of_S%26P_600_companies,2026-08-31,2
CATY,Cathay General Bancorp,US,S&P 600,https://en.wikipedia.org/wiki/List_of_S%26P_600_companies,2026-08-31,2
CBRL,Cracker Barrel,US,S&P 600,https://en.wikipedia.org/wiki/List_of_S%26P_600_companies,2026-08-31,2
CBU,"Community Bank System, Inc.",US,S&P 600,https://en.wikipedia.org/wiki/List_of_S%26P_600_companies,2026-08-31,2
CC,Chemours,US,S&P 600,https://en.wikipedia.org/wiki/List_of_S%26P_600_companies,2026-08-31,2
CCOI,"Cogent Communications Holdings, Inc.",US,S&P 600,https://en.wikipedia.org/wiki/List_of_S%26P_600_companies,2026-08-31,2
CCS,"Century Communities, Inc.",US,S&P 600,https://en.wikipedia.org/wiki/List_of_S%26P_600_companies,2026-08-31,2
CE,Celanese,US,S&P 600,https://en.wikipedia.org/wiki/List_of_S%26P_600_companies,2026-08-31,0
CENT,Central Garden & Pet Company,US,S&P 600,https://en.wikipedia.org/wiki/List_of_S%26P_600_companies,2026-08-31,2
CENTA,Central Garden & Pet Company (Class A),US,S&P 600,https://en.wikipedia.org/wiki/List_of_S%26P_600_companies,2026-08-31,2
CENX,Century Aluminum Company,US,S&P 600,https://en.wikipedia.org/wiki/List_of_S%26P_600_companies,2026-08-31,2
CERT,"Certara, Inc.",US,S&P 600,https://en.wikipedia.org/wiki/List_of_S%26P_600_companies,2026-08-31,2
CFFN,Capitol Federal Savings Bank,US,S&P 600,https://en.wikipedia.org/wiki/List_of_S%26P_600_companies,2026-08-31,2
CHCO,City Holding Company,US,S&P 600,https://en.wikipedia.org/wiki/List_of_S%26P_600_companies,2026-08-31,2
CHEF,"Chefs' Warehouse, Inc.",US,S&P 600,https://en.wikipedia.org/wiki/List_of_S%26P_600_companies,2026-08-31,0
CLSK,"CleanSpark, Inc.",US,S&P 600,https://en.wikipedia.org/wiki/List_of_S%26P_600_companies,2026-08-31,0
CNK,"Cinemark Holdings, Inc.",US,S&P 600,https://en.wikipedia.org/wiki/List_of_S%26P_600_companies,2026-08-31,2
CNMD,CONMED Corporation,US,S&P 600,https://en.wikipedia.org/wiki/List_of_S%26P_600_companies,2026-08-31,2
CNR,"Core Natural Resources, Inc.",US,S&P 600,https://en.wikipedia.org/wiki/List_of_S%26P_600_companies,2026-08-31,2
CNS,"Cohen & Steers, Inc.",US,S&P 600,https://en.wikipedia.org/wiki/List_of_S%26P_600_companies,2026-08-31,2
CNXC,Concentrix,US,S&P 600,https://en.wikipedia.org/wiki/List_of_S%26P_600_companies,2026-08-31,2
CNXN,"PC Connection, Inc.",US,S&P 600,https://en.wikipedia.org/wiki/List_of_S%26P_600_companies,2026-08-31,2
COCO,The Vita Coco Company,US,S&P 600,https://en.wikipedia.org/wiki/List_of_S%26P_600_companies,2026-08-31,2
COHU,"Cohu, Inc.",US,S&P 600,https://en.wikipedia.org/wiki/List_of_S%26P_600_companies,2026-08-31,2
COLL,"Collegium Pharmaceutical, Inc.",US,S&P 600,https://en.wikipedia.org/wiki/List_of_S%26P_600_companies,2026-08-31,2
CON,"Concentra Group Holdings Parent, Inc.",US,S&P 600,https://en.wikipedia.org/wiki/List_of_S%26P_600_companies,2026-08-31,2
CORT,Corcept Therapeutics Incorporated,US,S&P 600,https://en.wikipedia.org/wiki/List_of_S%26P_600_companies,2026-08-31,2
COTY,Coty,US,S&P 600,https://en.wikipedia.org/wiki/List_of_S%26P_600_companies,2026-08-31,0
CPB,The Campbell's Company,US,S&P 600,https://en.wikipedia.org/wiki/List_of_S%26P_600_companies,2026-08-31,2
CPF,Central Pacific Financial Corp.,US,S&P 600,https://en.wikipedia.org/wiki/List_of_S%26P_600_companies,2026-08-31,2
CPK,Chesapeake Utilities Corp.,US,S&P 600,https://en.wikipedia.org/wiki/List_of_S%26P_600_companies,2026-08-31,2
CRC,California Resources Corporation,US,S&P 600,https://en.wikipedia.org/wiki/List_of_S%26P_600_companies,2026-08-31,2
CRGY,Crescent Energy Company,US,S&P 600,https://en.wikipedia.org/wiki/List_of_S%26P_600_companies,2026-08-31,2
CRI,"Carter's, Inc.",US,S&P 600,https://en.wikipedia.org/wiki/List_of_S%26P_600_companies,2026-08-31,2
CRK,"Comstock Resources, Inc.",US,S&P 600,https://en.wikipedia.org/wiki/List_of_S%26P_600_companies,2026-08-31,2
CRSR,Corsair Gaming,US,S&P 600,https://en.wikipedia.org/wiki/List_of_S%26P_600_companies,2026-08-31,2
CRVL,CorVel Corporation,US,S&P 600,https://en.wikipedia.org/wiki/List_of_S%26P_600_companies,2026-08-31,2
CSR,Centerspace Trust,US,S&P 600,https://en.wikipedia.org/wiki/List_of_S%26P_600_companies,2026-08-31,2
CSW,"CSW Industrials, Inc.",US,S&P 600,https://en.wikipedia.org/wiki/List_of_S%26P_600_companies,2026-08-31,2
CTS,CTS Corporation,US,S&P 600,https://en.wikipedia.org/wiki/List_of_S%26P_600_companies,2026-08-31,2
CUBI,"Customers Bancorp, Inc.",US,S&P 600,https://en.wikipedia.org/wiki/List_of_S%26P_600_companies,2026-08-31,2
CURB,Curbline Properties Corp.,US,S&P 600,https://en.wikipedia.org/wiki/List_of_S%26P_600_companies,2026-08-31,2
CVBF,CVB Financial Corp.,US,S&P 600,https://en.wikipedia.org/wiki/List_of_S%26P_600_companies,2026-08-31,2
CVCO,"Cavco Industries, Inc.",US,S&P 600,https://en.wikipedia.org/wiki/List_of_S%26P_600_companies,2026-08-31,2
CVI,"CVR Energy, Inc.",US,S&P 600,https://en.wikipedia.org/wiki/List_of_S%26P_600_companies,2026-08-31,2
CVSA,Covista Inc.,US,S&P 600,https://en.wikipedia.org/wiki/List_of_S%26P_600_companies,2026-08-31,2
CWEN,"Clearway Energy, Inc. (Class C)",US,S&P 600,https://en.wikipedia.org/wiki/List_of_S%26P_600_companies,2026-08-31,0
CWK,Cushman & Wakefield plc,US,S&P 600,https://en.wikipedia.org/wiki/List_of_S%26P_600_companies,2026-08-31,2
CWST,"Casella Waste Systems, Inc.",US,S&P 600,https://en.wikipedia.org/wiki/List_of_S%26P_600_companies,2026-08-31,2
CWT,California Water Service Group,US,S&P 600,https://en.wikipedia.org/wiki/List_of_S%26P_600_companies,2026-08-31,2
CXM,"Sprinklr, Inc.",US,S&P 600,https://en.wikipedia.org/wiki/List_of_S%26P_600_companies,2026-08-31,2
CXW,CoreCivic,US,S&P 600,https://en.wikipedia.org/wiki/List_of_S%26P_600_companies,2026-08-31,2
CZR,Caesars Entertainment,US,S&P 600,https://en.wikipedia.org/wiki/List_of_S%26P_600_companies,2026-08-31,2
DAN,Dana Incorporated,US,S&P 600,https://en.wikipedia.org/wiki/List_of_S%26P_600_companies,2026-08-31,2
DAVE,"Dave, Inc.",US,S&P 600,https://en.wikipedia.org/wiki/List_of_S%26P_600_companies,2026-08-31,0
DBD,Diebold Nixdorf,US,S&P 600,https://en.wikipedia.org/wiki/List_of_S%26P_600_companies,2026-08-31,2
DCH,Dauch Corporation,US,S&P 600,https://en.wikipedia.org/wiki/List_of_S%26P_600_companies,2026-08-31,2
DCOM,"Dime Community Bancshares, Inc.",US,S&P 600,https://en.wikipedia.org/wiki/List_of_S%26P_600_companies,2026-08-31,2
DEA,"Easterly Government Properties, Inc.",US,S&P 600,https://en.wikipedia.org/wiki/List_of_S%26P_600_companies,2026-08-31,2
DEI,Douglas Emmett,US,S&P 600,https://en.wikipedia.org/wiki/List_of_S%26P_600_companies,2026-08-31,2
DFH,"Dream Finders Homes, Inc.",US,S&P 600,https://en.wikipedia.org/wiki/List_of_S%26P_600_companies,2026-08-31,2
DFIN,"Donnelley Financial Solutions, Inc.",US,S&P 600,https://en.wikipedia.org/wiki/List_of_S%26P_600_companies,2026-08-31,2
DGII,Digi International Inc.,US,S&P 600,https://en.wikipedia.org/wiki/List_of_S%26P_600_companies,2026-08-31,2
DIOD,Diodes Incorporated,US,S&P 600,https://en.wikipedia.org/wiki/List_of_S%26P_600_companies,2026-08-31,0
DLX,Deluxe Corporation,US,S&P 600,https://en.wikipedia.org/wiki/List_of_S%26P_600_companies,2026-08-31,2
DMC,Del Monte Corporation,US,S&P 600,https://en.wikipedia.org/wiki/List_of_S%26P_600_companies,2026-08-31,2
DNOW,NOW Inc,US,S&P 600,https://en.wikipedia.org/wiki/List_of_S%26P_600_companies,2026-08-31,2
DORM,"Dorman Products, Inc.",US,S&P 600,https://en.wikipedia.org/wiki/List_of_S%26P_600_companies,2026-08-31,2
DRH,DiamondRock Hospitality Company,US,S&P 600,https://en.wikipedia.org/wiki/List_of_S%26P_600_companies,2026-08-31,2
DV,DoubleVerify Holdings Inc.,US,S&P 600,https://en.wikipedia.org/wiki/List_of_S%26P_600_companies,2026-08-31,0
DXC,DXC Technology,US,S&P 600,https://en.wikipedia.org/wiki/List_of_S%26P_600_companies,2026-08-31,2
DXPE,"DXP Enterprises, Inc.",US,S&P 600,https://en.wikipedia.org/wiki/List_of_S%26P_600_companies,2026-08-31,2
EAT,"Brinker International, Inc.",US,S&P 600,https://en.wikipedia.org/wiki/List_of_S%26P_600_companies,2026-08-31,2
EBC,"Eastern Bankshares, Inc.",US,S&P 600,https://en.wikipedia.org/wiki/List_of_S%26P_600_companies,2026-08-31,2
ECG,"Everus Construction Group, Inc.",US,S&P 600,https://en.wikipedia.org/wiki/List_of_S%26P_600_companies,2026-08-31,2
ECPG,"Encore Capital Group, Inc.",US,S&P 600,https://en.wikipedia.org/wiki/List_of_S%26P_600_companies,2026-08-31,2
EFC,"Ellington Financial, Inc.",US,S&P 600,https://en.wikipedia.org/wiki/List_of_S%26P_600_companies,2026-08-31,2
EFOR,Everforth Inc.,US,S&P 600,https://en.wikipedia.org/wiki/List_of_S%26P_600_companies,2026-08-31,2
EGBN,Eagle Bancorp Inc,US,S&P 600,https://en.wikipedia.org/wiki/List_of_S%26P_600_companies,2026-08-31,2
EIG,"Employers Holdings, Inc.",US,S&P 600,https://en.wikipedia.org/wiki/List_of_S%26P_600_companies,2026-08-31,2
EMN,Eastman Chemical Company,US,S&P 600,https://en.wikipedia.org/wiki/List_of_S%26P_600_companies,2026-08-31,2
ENOV,Enovis,US,S&P 600,https://en.wikipedia.org/wiki/List_of_S%26P_600_companies,2026-08-31,2
ENPH,Enphase Energy,US,S&P 600,https://en.wikipedia.org/wiki/List_of_S%26P_600_companies,2026-08-31,0
ENR,Energizer,US,S&P 600,https://en.wikipedia.org/wiki/List_of_S%26P_600_companies,2026-08-31,2
ENVA,"Enova International, Inc.",US,S&P 600,https://en.wikipedia.org/wiki/List_of_S%26P_600_companies,2026-08-31,2
EPAC,Enerpac Tool Group,US,S&P 600,https://en.wikipedia.org/wiki/List_of_S%26P_600_companies,2026-08-31,2
EPAM,EPAM Systems,US,S&P 600,https://en.wikipedia.org/wiki/List_of_S%26P_600_companies,2026-08-31,2
EPC,Edgewell Personal Care,US,S&P 600,https://en.wikipedia.org/wiki/List_of_S%26P_600_companies,2026-08-31,2
EPRT,"Essential Properties Realty Trust, Inc.",US,S&P 600,https://en.wikipedia.org/wiki/List_of_S%26P_600_companies,2026-08-31,2
ESE,ESCO Technologies Inc.,US,S&P 600,https://en.wikipedia.org/wiki/List_of_S%26P_600_companies,2026-08-31,2
ESI,Element Solutions,US,S&P 600,https://en.wikipedia.org/wiki/List_of_S%26P_600_companies,2026-08-31,2
ETSY,Etsy,US,S&P 600,https://en.wikipedia.org/wiki/List_of_S%26P_600_companies,2026-08-31,0
EVTC,"EVERTEC, Inc.",US,S&P 600,https://en.wikipedia.org/wiki/List_of_S%26P_600_companies,2026-08-31,2
EXTR,"Extreme Networks, Inc.",US,S&P 600,https://en.wikipedia.org/wiki/List_of_S%26P_600_companies,2026-08-31,2
EYE,National Vision Holdings,US,S&P 600,https://en.wikipedia.org/wiki/List_of_S%26P_600_companies,2026-08-31,2
EZPW,"EZCORP, Inc.",US,S&P 600,https://en.wikipedia.org/wiki/List_of_S%26P_600_companies,2026-08-31,2
FA,First Advantage Corporation,US,S&P 600,https://en.wikipedia.org/wiki/List_of_S%26P_600_companies,2026-08-31,2
FBK,FB Financial Corp.,US,S&P 600,https://en.wikipedia.org/wiki/List_of_S%26P_600_companies,2026-08-31,2
FBNC,First Bancorp (Southern Pines NC),US,S&P 600,https://en.wikipedia.org/wiki/List_of_S%26P_600_companies,2026-08-31,2
FBP,First BanCorp (Puerto Rico),US,S&P 600,https://en.wikipedia.org/wiki/List_of_S%26P_600_companies,2026-08-31,2
FBRT,"Franklin BSP Realty Trust, Inc.",US,S&P 600,https://en.wikipedia.org/wiki/List_of_S%26P_600_companies,2026-08-31,2
FCF,"First Commonwealth Financial, Corp.",US,S&P 600,https://en.wikipedia.org/wiki/List_of_S%26P_600_companies,2026-08-31,2
FCPT,"Four Corners Property Trust, Inc.",US,S&P 600,https://en.wikipedia.org/wiki/List_of_S%26P_600_companies,2026-08-31,2
FELE,Franklin Electric,US,S&P 600,https://en.wikipedia.org/wiki/List_of_S%26P_600_companies,2026-08-31,2
FFBC,First Financial Bancorp,US,S&P 600,https://en.wikipedia.org/wiki/List_of_S%26P_600_companies,2026-08-31,2
FG,"F&G Annuities & Life, Inc.",US,S&P 600,https://en.wikipedia.org/wiki/List_of_S%26P_600_companies,2026-08-31,2
FHB,"First Hawaiian, Inc.",US,S&P 600,https://en.wikipedia.org/wiki/List_of_S%26P_600_companies,2026-08-31,2
FIBK,"First Interstate BancSystem, Inc.",US,S&P 600,https://en.wikipedia.org/wiki/List_of_S%26P_600_companies,2026-08-31,2
FIVN,"Five9, Inc.",US,S&P 600,https://en.wikipedia.org/wiki/List_of_S%26P_600_companies,2026-08-31,0
FIZZ,National Beverage Corp.,US,S&P 600,https://en.wikipedia.org/wiki/List_of_S%26P_600_companies,2026-08-31,2
FLO,Flowers Foods,US,S&P 600,https://en.wikipedia.org/wiki/List_of_S%26P_600_companies,2026-08-31,2
FMC,FMC Corporation,US,S&P 600,https://en.wikipedia.org/wiki/List_of_S%26P_600_companies,2026-08-31,2
FORM,"FormFactor, Inc.",US,S&P 600,https://en.wikipedia.org/wiki/List_of_S%26P_600_companies,2026-08-31,0
FOXF,Fox Factory,US,S&P 600,https://en.wikipedia.org/wiki/List_of_S%26P_600_companies,2026-08-31,2
FRPT,Freshpet,US,S&P 600,https://en.wikipedia.org/wiki/List_of_S%26P_600_companies,2026-08-31,2
FSS,Federal Signal Corporation,US,S&P 600,https://en.wikipedia.org/wiki/List_of_S%26P_600_companies,2026-08-31,2
FTDR,"Frontdoor, Inc.",US,S&P 600,https://en.wikipedia.org/wiki/List_of_S%26P_600_companies,2026-08-31,2
FTRE,Fortrea,US,S&P 600,https://en.wikipedia.org/wiki/List_of_S%26P_600_companies,2026-08-31,2
FUL,H.B. Fuller Company,US,S&P 600,https://en.wikipedia.org/wiki/List_of_S%26P_600_companies,2026-08-31,2
FULT,Fulton Financial Corporation,US,S&P 600,https://en.wikipedia.org/wiki/List_of_S%26P_600_companies,2026-08-31,2
FUN,Six Flags,US,S&P 600,https://en.wikipedia.org/wiki/List_of_S%26P_600_companies,2026-08-31,2
GBX,"The Greenbrier Companies, Inc.",US,S&P 600,https://en.wikipedia.org/wiki/List_of_S%26P_600_companies,2026-08-31,2
GEO,"GEO Group, Inc.",US,S&P 600,https://en.wikipedia.org/wiki/List_of_S%26P_600_companies,2026-08-31,0
GFF,Griffon Corporation,US,S&P 600,https://en.wikipedia.org/wiki/List_of_S%26P_600_companies,2026-08-31,2
GIII,"G-III Apparel Group, Ltd.",US,S&P 600,https://en.wikipedia.org/wiki/List_of_S%26P_600_companies,2026-08-31,2
GKOS,Glaukos Corp.,US,S&P 600,https://en.wikipedia.org/wiki/List_of_S%26P_600_companies,2026-08-31,0
GNL,"Global Net Lease, Inc.",US,S&P 600,https://en.wikipedia.org/wiki/List_of_S%26P_600_companies,2026-08-31,2
GNW,"Genworth Financial, Inc.",US,S&P 600,https://en.wikipedia.org/wiki/List_of_S%26P_600_companies,2026-08-31,2
GO,Grocery Outlet,US,S&P 600,https://en.wikipedia.org/wiki/List_of_S%26P_600_companies,2026-08-31,2
GOLF,Acushnet Company,US,S&P 600,https://en.wikipedia.org/wiki/List_of_S%26P_600_companies,2026-08-31,2
GPI,"Group 1 Automotive, Inc.",US,S&P 600,https://en.wikipedia.org/wiki/List_of_S%26P_600_companies,2026-08-31,2
GPOR,Gulfport Energy Corporation,US,S&P 600,https://en.wikipedia.org/wiki/List_of_S%26P_600_companies,2026-08-31,2
GRBK,"Green Brick Partners, Inc.",US,S&P 600,https://en.wikipedia.org/wiki/List_of_S%26P_600_companies,2026-08-31,2
GSHD,"Goosehead Insurance, Inc.",US,S&P 600,https://en.wikipedia.org/wiki/List_of_S%26P_600_companies,2026-08-31,2
GT,Goodyear Tire and Rubber Company,US,S&P 600,https://en.wikipedia.org/wiki/List_of_S%26P_600_companies,2026-08-31,2
GTES,Gates Corporation,US,S&P 600,https://en.wikipedia.org/wiki/List_of_S%26P_600_companies,2026-08-31,2
GTM,ZoomInfo,US,S&P 600,https://en.wikipedia.org/wiki/List_of_S%26P_600_companies,2026-08-31,2
GTY,Getty Realty Corp.,US,S&P 600,https://en.wikipedia.org/wiki/List_of_S%26P_600_companies,2026-08-31,2
GVA,"Granite Construction, Inc.",US,S&P 600,https://en.wikipedia.org/wiki/List_of_S%26P_600_companies,2026-08-31,2
HAFC,Hanmi Financial Corporation,US,S&P 600,https://en.wikipedia.org/wiki/List_of_S%26P_600_companies,2026-08-31,2
HASI,"Hannon Armstrong Sustainable Infrastructure Capital, Inc.",US,S&P 600,https://en.wikipedia.org/wiki/List_of_S%26P_600_companies,2026-08-31,2
HAYW,"Hayward Holdings, Inc.",US,S&P 600,https://en.wikipedia.org/wiki/List_of_S%26P_600_companies,2026-08-31,2
HCC,"Warrior Met Coal, Inc.",US,S&P 600,https://en.wikipedia.org/wiki/List_of_S%26P_600_companies,2026-08-31,2
HCI,"HCI Group, Inc.",US,S&P 600,https://en.wikipedia.org/wiki/List_of_S%26P_600_companies,2026-08-31,2
HCSG,"Healthcare Services Group, Inc.",US,S&P 600,https://en.wikipedia.org/wiki/List_of_S%26P_600_companies,2026-08-31,2
HE,"Hawaiian Electric Industries, Inc.",US,S&P 600,https://en.wikipedia.org/wiki/List_of_S%26P_600_companies,2026-08-31,2
HFWA,Heritage Financial Corporation,US,S&P 600,https://en.wikipedia.org/wiki/List_of_S%26P_600_companies,2026-08-31,2
HIW,Highwoods Properties,US,S&P 600,https://en.wikipedia.org/wiki/List_of_S%26P_600_companies,2026-08-31,2
HLIT,Harmonic Inc.,US,S&P 600,https://en.wikipedia.org/wiki/List_of_S%26P_600_companies,2026-08-31,2
HLX,"Helix Energy Solutions Group, Inc.",US,S&P 600,https://en.wikipedia.org/wiki/List_of_S%26P_600_companies,2026-08-31,2
HMN,Horace Mann Educators Corporation,US,S&P 600,https://en.wikipedia.org/wiki/List_of_S%26P_600_companies,2026-08-31,2
HNI,HNI Corporation,US,S&P 600,https://en.wikipedia.org/wiki/List_of_S%26P_600_companies,2026-08-31,2
HOPE,"Hope Bancorp, Inc.",US,S&P 600,https://en.wikipedia.org/wiki/List_of_S%26P_600_companies,2026-08-31,2
HP,"Helmerich & Payne, Inc.",US,S&P 600,https://en.wikipedia.org/wiki/List_of_S%26P_600_companies,2026-08-31,2
HRMY,"Harmony Biosciences Holdings, Inc.",US,S&P 600,https://en.wikipedia.org/wiki/List_of_S%26P_600_companies,2026-08-31,2
HSTM,"HealthStream, Inc.",US,S&P 600,https://en.wikipedia.org/wiki/List_of_S%26P_600_companies,2026-08-31,2
HTH,Hilltop Holdings Inc.,US,S&P 600,https://en.wikipedia.org/wiki/List_of_S%26P_600_companies,2026-08-31,2
HTLD,"Heartland Express, Inc.",US,S&P 600,https://en.wikipedia.org/wiki/List_of_S%26P_600_companies,2026-08-31,2
HTO,H2O America,US,S&P 600,https://en.wikipedia.org/wiki/List_of_S%26P_600_companies,2026-08-31,2
HUBG,"Hub Group, Inc.",US,S&P 600,https://en.wikipedia.org/wiki/List_of_S%26P_600_companies,2026-08-31,2
HWKN,"Hawkins, Inc.",US,S&P 600,https://en.wikipedia.org/wiki/List_of_S%26P_600_companies,2026-08-31,2
HZO,"MarineMax, Inc.",US,S&P 600,https://en.wikipedia.org/wiki/List_of_S%26P_600_companies,2026-08-31,2
IART,Integra Lifesciences Holdings,US,S&P 600,https://en.wikipedia.org/wiki/List_of_S%26P_600_companies,2026-08-31,2
IBP,"Installed Building Products, Inc.",US,S&P 600,https://en.wikipedia.org/wiki/List_of_S%26P_600_companies,2026-08-31,2
ICHR,"Ichor Holdings, Ltd.",US,S&P 600,https://en.wikipedia.org/wiki/List_of_S%26P_600_companies,2026-08-31,0
ICUI,ICU Medical,US,S&P 600,https://en.wikipedia.org/wiki/List_of_S%26P_600_companies,2026-08-31,2
IIPR,"Innovative Industrial Properties, Inc.",US,S&P 600,https://en.wikipedia.org/wiki/List_of_S%26P_600_companies,2026-08-31,2
INDB,Independent Bank Corp.,US,S&P 600,https://en.wikipedia.org/wiki/List_of_S%26P_600_companies,2026-08-31,2
INDV,Indivior,US,S&P 600,https://en.wikipedia.org/wiki/List_of_S%26P_600_companies,2026-08-31,2
INSP,"Inspire Medical Systems, Inc.",US,S&P 600,https://en.wikipedia.org/wiki/List_of_S%26P_600_companies,2026-08-31,0
INSW,"International Seaways, Inc.",US,S&P 600,https://en.wikipedia.org/wiki/List_of_S%26P_600_companies,2026-08-31,2
INVA,"Innoviva, Inc.",US,S&P 600,https://en.wikipedia.org/wiki/List_of_S%26P_600_companies,2026-08-31,2
INVX,"Innovex International, Inc.",US,S&P 600,https://en.wikipedia.org/wiki/List_of_S%26P_600_companies,2026-08-31,2
IOSP,"Innospec, Inc.",US,S&P 600,https://en.wikipedia.org/wiki/List_of_S%26P_600_companies,2026-08-31,2
IPAR,"Inter Parfums, Inc.",US,S&P 600,https://en.wikipedia.org/wiki/List_of_S%26P_600_companies,2026-08-31,2
IRDM,Iridium Communications,US,S&P 600,https://en.wikipedia.org/wiki/List_of_S%26P_600_companies,2026-08-31,0
ITGR,Integer Holdings Corporation,US,S&P 600,https://en.wikipedia.org/wiki/List_of_S%26P_600_companies,2026-08-31,2
ITRI,"Itron, Inc.",US,S&P 600,https://en.wikipedia.org/wiki/List_of_S%26P_600_companies,2026-08-31,2
IVT,InvenTrust Properties,US,S&P 600,https://en.wikipedia.org/wiki/List_of_S%26P_600_companies,2026-08-31,2
JBGS,JBG Smith,US,S&P 600,https://en.wikipedia.org/wiki/List_of_S%26P_600_companies,2026-08-31,2
JBLU,JetBlue,US,S&P 600,https://en.wikipedia.org/wiki/List_of_S%26P_600_companies,2026-08-31,2
JBSS,"John B. Sanfilippo & Son, Inc.",US,S&P 600,https://en.wikipedia.org/wiki/List_of_S%26P_600_companies,2026-08-31,2
JBTM,JBT Marel Corporation,US,S&P 600,https://en.wikipedia.org/wiki/List_of_S%26P_600_companies,2026-08-31,2
JJSF,J&J Snack Foods Corp.,US,S&P 600,https://en.wikipedia.org/wiki/List_of_S%26P_600_companies,2026-08-31,2
JOE,St. Joe Company,US,S&P 600,https://en.wikipedia.org/wiki/List_of_S%26P_600_companies,2026-08-31,2
JXN,"Jackson Financial, Inc.",US,S&P 600,https://en.wikipedia.org/wiki/List_of_S%26P_600_companies,2026-08-31,2
KAI,Kadant Inc.,US,S&P 600,https://en.wikipedia.org/wiki/List_of_S%26P_600_companies,2026-08-31,2
KALU,Kaiser Aluminum Corporation,US,S&P 600,https://en.wikipedia.org/wiki/List_of_S%26P_600_companies,2026-08-31,2
KFY,Korn/Ferry International,US,S&P 600,https://en.wikipedia.org/wiki/List_of_S%26P_600_companies,2026-08-31,2
KGS,"Kodiak Gas Services, Inc.",US,S&P 600,https://en.wikipedia.org/wiki/List_of_S%26P_600_companies,2026-08-31,2
KLIC,"Kulicke and Soffa Industries, Inc.",US,S&P 600,https://en.wikipedia.org/wiki/List_of_S%26P_600_companies,2026-08-31,0
KMPR,Kemper Corporation,US,S&P 600,https://en.wikipedia.org/wiki/List_of_S%26P_600_companies,2026-08-31,2
KMT,Kennametal,US,S&P 600,https://en.wikipedia.org/wiki/List_of_S%26P_600_companies,2026-08-31,2
KMX,"CarMax, Inc.",US,S&P 600,https://en.wikipedia.org/wiki/List_of_S%26P_600_companies,2026-08-31,2
KN,Knowles Corporation,US,S&P 600,https://en.wikipedia.org/wiki/List_of_S%26P_600_companies,2026-08-31,2
KNTK,"Kinetik Holdings, Inc.",US,S&P 600,https://en.wikipedia.org/wiki/List_of_S%26P_600_companies,2026-08-31,2
KOP,"Koppers Holdings, Inc.",US,S&P 600,https://en.wikipedia.org/wiki/List_of_S%26P_600_companies,2026-08-31,2
KRMN,Karman Holdings,US,S&P 600,https://en.wikipedia.org/wiki/List_of_S%26P_600_companies,2026-08-31,0
KSS,Kohl's Corp.,US,S&P 600,https://en.wikipedia.org/wiki/List_of_S%26P_600_companies,2026-08-31,2
KTB,Kontoor Brands,US,S&P 600,https://en.wikipedia.org/wiki/List_of_S%26P_600_companies,2026-08-31,2
KWR,Quaker Chemical Corporation,US,S&P 600,https://en.wikipedia.org/wiki/List_of_S%26P_600_companies,2026-08-31,2
LAUR,"Laureate Education, Inc.",US,S&P 600,https://en.wikipedia.org/wiki/List_of_S%26P_600_companies,2026-08-31,2
LAZ,Lazard,US,S&P 600,https://en.wikipedia.org/wiki/List_of_S%26P_600_companies,2026-08-31,2
LBRT,"Liberty Energy, Inc.",US,S&P 600,https://en.wikipedia.org/wiki/List_of_S%26P_600_companies,2026-08-31,2
LCII,LCI Industries,US,S&P 600,https://en.wikipedia.org/wiki/List_of_S%26P_600_companies,2026-08-31,2
LEG,Leggett & Platt,US,S&P 600,https://en.wikipedia.org/wiki/List_of_S%26P_600_companies,2026-08-31,2
LEU,Centrus Energy Corp.,US,S&P 600,https://en.wikipedia.org/wiki/List_of_S%26P_600_companies,2026-08-31,0
LFST,Lifestance Health,US,S&P 600,https://en.wikipedia.org/wiki/List_of_S%26P_600_companies,2026-08-31,2
LGIH,LGI Homes,US,S&P 600,https://en.wikipedia.org/wiki/List_of_S%26P_600_companies,2026-08-31,2
LGND,"Ligand Pharmaceuticals, Inc.",US,S&P 600,https://en.wikipedia.org/wiki/List_of_S%26P_600_companies,2026-08-31,2
LIF,Life360,US,S&P 600,https://en.wikipedia.org/wiki/List_of_S%26P_600_companies,2026-08-31,2
LKFN,Lakeland Financial,US,S&P 600,https://en.wikipedia.org/wiki/List_of_S%26P_600_companies,2026-08-31,2
LKQ,LKQ Corporation,US,S&P 600,https://en.wikipedia.org/wiki/List_of_S%26P_600_companies,2026-08-31,2
LMAT,LeMaitre Vascular,US,S&P 600,https://en.wikipedia.org/wiki/List_of_S%26P_600_companies,2026-08-31,2
LNC,Lincoln Financial,US,S&P 600,https://en.wikipedia.org/wiki/List_of_S%26P_600_companies,2026-08-31,2
LNN,Lindsay Corporation,US,S&P 600,https://en.wikipedia.org/wiki/List_of_S%26P_600_companies,2026-08-31,2
LPG,Dorian LPG Ltd.,US,S&P 600,https://en.wikipedia.org/wiki/List_of_S%26P_600_companies,2026-08-31,2
LQDA,Liquidia Corporation,US,S&P 600,https://en.wikipedia.org/wiki/List_of_S%26P_600_companies,2026-08-31,2
LQDT,"Liquidity Services, Inc.",US,S&P 600,https://en.wikipedia.org/wiki/List_of_S%26P_600_companies,2026-08-31,2
LRN,"Stride, Inc.",US,S&P 600,https://en.wikipedia.org/wiki/List_of_S%26P_600_companies,2026-08-31,2
LTC,"LTC Properties, Inc.",US,S&P 600,https://en.wikipedia.org/wiki/List_of_S%26P_600_companies,2026-08-31,2
LTH,"Life Time Group Holdings, Inc.",US,S&P 600,https://en.wikipedia.org/wiki/List_of_S%26P_600_companies,2026-08-31,2
LUMN,Lumen Technologies,US,S&P 600,https://en.wikipedia.org/wiki/List_of_S%26P_600_companies,2026-08-31,2
LW,Lamb Weston,US,S&P 600,https://en.wikipedia.org/wiki/List_of_S%26P_600_companies,2026-08-31,2
LXP,Lexington Realty Trust,US,S&P 600,https://en.wikipedia.org/wiki/List_of_S%26P_600_companies,2026-08-31,2
LYFT,"Lyft, Inc.",US,S&P 600,https://en.wikipedia.org/wiki/List_of_S%26P_600_companies,2026-08-31,2
LZ,"LegalZoom.com, Inc.",US,S&P 600,https://en.wikipedia.org/wiki/List_of_S%26P_600_companies,2026-08-31,0
LZB,"La-Z-Boy, Inc.",US,S&P 600,https://en.wikipedia.org/wiki/List_of_S%26P_600_companies,2026-08-31,2
MAC,Macerich,US,S&P 600,https://en.wikipedia.org/wiki/List_of_S%26P_600_companies,2026-08-31,2
MAN,ManpowerGroup,US,S&P 600,https://en.wikipedia.org/wiki/List_of_S%26P_600_companies,2026-08-31,2
MARA,"MARA Holdings, Inc.",US,S&P 600,https://en.wikipedia.org/wiki/List_of_S%26P_600_companies,2026-08-31,0
MATW,Matthews International Corporation,US,S&P 600,https://en.wikipedia.org/wiki/List_of_S%26P_600_companies,2026-08-31,2
MATX,"Matson, Inc.",US,S&P 600,https://en.wikipedia.org/wiki/List_of_S%26P_600_companies,2026-08-31,2
MBC,"MasterBrand, Inc.",US,S&P 600,https://en.wikipedia.org/wiki/List_of_S%26P_600_companies,2026-08-31,2
MBGL,"Mobility Global, Inc.",US,S&P 600,https://en.wikipedia.org/wiki/List_of_S%26P_600_companies,2026-08-31,2
MBIN,Merchants Bancorp,US,S&P 600,https://en.wikipedia.org/wiki/List_of_S%26P_600_companies,2026-08-31,2
MC,Moelis & Company,US,S&P 600,https://en.wikipedia.org/wiki/List_of_S%26P_600_companies,2026-08-31,2
MCRI,"Monarch Casino & Resort, Inc.",US,S&P 600,https://en.wikipedia.org/wiki/List_of_S%26P_600_companies,2026-08-31,2
MCY,Mercury General,US,S&P 600,https://en.wikipedia.org/wiki/List_of_S%26P_600_companies,2026-08-31,2
MD,Pediatrix Medical Group,US,S&P 600,https://en.wikipedia.org/wiki/List_of_S%26P_600_companies,2026-08-31,2
MDU,"MDU Resources Group, Inc.",US,S&P 600,https://en.wikipedia.org/wiki/List_of_S%26P_600_companies,2026-08-31,2
MFP,"Midera Food Processing, Inc.",US,S&P 600,https://en.wikipedia.org/wiki/List_of_S%26P_600_companies,2026-08-31,2
MGEE,"MGE Energy, Inc.",US,S&P 600,https://en.wikipedia.org/wiki/List_of_S%26P_600_companies,2026-08-31,2
MGY,"Magnolia Oil & Gas, Corp.",US,S&P 600,https://en.wikipedia.org/wiki/List_of_S%26P_600_companies,2026-08-31,2
MHK,Mohawk Industries,US,S&P 600,https://en.wikipedia.org/wiki/List_of_S%26P_600_companies,2026-08-31,2
MHO,"M/I Homes, Inc.",US,S&P 600,https://en.wikipedia.org/wiki/List_of_S%26P_600_companies,2026-08-31,2
MIR,"Mirion Technologies, Inc.",US,S&P 600,https://en.wikipedia.org/wiki/List_of_S%26P_600_companies,2026-08-31,2
MKTX,MarketAxess,US,S&P 600,https://en.wikipedia.org/wiki/List_of_S%26P_600_companies,2026-08-31,2
MLKN,"MillerKnoll, Inc.",US,S&P 600,https://en.wikipedia.org/wiki/List_of_S%26P_600_companies,2026-08-31,2
MMI,"Marcus & Millichap, Inc.",US,S&P 600,https://en.wikipedia.org/wiki/List_of_S%26P_600_companies,2026-08-31,2
MMSI,"Merit Medical Systems, Inc.",US,S&P 600,https://en.wikipedia.org/wiki/List_of_S%26P_600_companies,2026-08-31,2
MPT,Medical Properties Trust,US,S&P 600,https://en.wikipedia.org/wiki/List_of_S%26P_600_companies,2026-08-31,2
MRCY,Mercury Systems,US,S&P 600,https://en.wikipedia.org/wiki/List_of_S%26P_600_companies,2026-08-31,2
MRP,"Millrose Properties, Inc.",US,S&P 600,https://en.wikipedia.org/wiki/List_of_S%26P_600_companies,2026-08-31,2
MRTN,"Marten Transport, Ltd.",US,S&P 600,https://en.wikipedia.org/wiki/List_of_S%26P_600_companies,2026-08-31,2
MSEX,Middlesex Water Company,US,S&P 600,https://en.wikipedia.org/wiki/List_of_S%26P_600_companies,2026-08-31,2
MSGS,Madison Square Garden Sports Corp.,US,S&P 600,https://en.wikipedia.org/wiki/List_of_S%26P_600_companies,2026-08-31,2
MTCH,Match Group,US,S&P 600,https://en.wikipedia.org/wiki/List_of_S%26P_600_companies,2026-08-31,0
MTH,Meritage Homes Corporation,US,S&P 600,https://en.wikipedia.org/wiki/List_of_S%26P_600_companies,2026-08-31,2
MTRN,Materion Corp.,US,S&P 600,https://en.wikipedia.org/wiki/List_of_S%26P_600_companies,2026-08-31,0
MTUS,Metallus Inc,US,S&P 600,https://en.wikipedia.org/wiki/List_of_S%26P_600_companies,2026-08-31,2
MTX,Minerals Technologies,US,S&P 600,https://en.wikipedia.org/wiki/List_of_S%26P_600_companies,2026-08-31,2
MWA,Mueller Water Products,US,S&P 600,https://en.wikipedia.org/wiki/List_of_S%26P_600_companies,2026-08-31,0
MXL,"MaxLinear, Inc.",US,S&P 600,https://en.wikipedia.org/wiki/List_of_S%26P_600_companies,2026-08-31,0
MYRG,"MYR Group, Inc.",US,S&P 600,https://en.wikipedia.org/wiki/List_of_S%26P_600_companies,2026-08-31,2
NABL,"N-able, Inc.",US,S&P 600,https://en.wikipedia.org/wiki/List_of_S%26P_600_companies,2026-08-31,2
NATL,NCR Atleos,US,S&P 600,https://en.wikipedia.org/wiki/List_of_S%26P_600_companies,2026-08-31,2
NAVI,Navient,US,S&P 600,https://en.wikipedia.org/wiki/List_of_S%26P_600_companies,2026-08-31,2
NBHC,National Bank Holdings Corporation,US,S&P 600,https://en.wikipedia.org/wiki/List_of_S%26P_600_companies,2026-08-31,2
NBTB,"NBT Bancorp, Inc.",US,S&P 600,https://en.wikipedia.org/wiki/List_of_S%26P_600_companies,2026-08-31,2
NE,Noble Corporation,US,S&P 600,https://en.wikipedia.org/wiki/List_of_S%26P_600_companies,2026-08-31,2
NEO,"NeoGenomics Laboratories, Inc.",US,S&P 600,https://en.wikipedia.org/wiki/List_of_S%26P_600_companies,2026-08-31,2
NEOG,Neogen,US,S&P 600,https://en.wikipedia.org/wiki/List_of_S%26P_600_companies,2026-08-31,2
NGVT,"Ingevity, Corp.",US,S&P 600,https://en.wikipedia.org/wiki/List_of_S%26P_600_companies,2026-08-31,2
NHC,"National Healthcare, Corp.",US,S&P 600,https://en.wikipedia.org/wiki/List_of_S%26P_600_companies,2026-08-31,2
NHI,"National Health Investors, Inc.",US,S&P 600,https://en.wikipedia.org/wiki/List_of_S%26P_600_companies,2026-08-31,2
NIC,Nicolet Bankshares,US,S&P 600,https://en.wikipedia.org/wiki/List_of_S%26P_600_companies,2026-08-31,2
NMIH,"NMI Holdings, Inc.",US,S&P 600,https://en.wikipedia.org/wiki/List_of_S%26P_600_companies,2026-08-31,2
NOG,"Northern Oil and Gas, Inc.",US,S&P 600,https://en.wikipedia.org/wiki/List_of_S%26P_600_companies,2026-08-31,2
NPK,"National Presto Industries, Inc.",US,S&P 600,https://en.wikipedia.org/wiki/List_of_S%26P_600_companies,2026-08-31,2
NPO,"EnPro Industries, Inc.",US,S&P 600,https://en.wikipedia.org/wiki/List_of_S%26P_600_companies,2026-08-31,2
NSIT,"Insight Enterprises, Inc.",US,S&P 600,https://en.wikipedia.org/wiki/List_of_S%26P_600_companies,2026-08-31,2
NSP,Insperity,US,S&P 600,https://en.wikipedia.org/wiki/List_of_S%26P_600_companies,2026-08-31,2
NSSC,Napco Security Technologies,US,S&P 600,https://en.wikipedia.org/wiki/List_of_S%26P_600_companies,2026-08-31,2
NTCT,"NETSCOUT Systems, Inc.",US,S&P 600,https://en.wikipedia.org/wiki/List_of_S%26P_600_companies,2026-08-31,2
NTST,NETSTREIT Corp.,US,S&P 600,https://en.wikipedia.org/wiki/List_of_S%26P_600_companies,2026-08-31,2
NWBI,"Northwest Bancshares, Inc.",US,S&P 600,https://en.wikipedia.org/wiki/List_of_S%26P_600_companies,2026-08-31,2
NWL,Newell Brands,US,S&P 600,https://en.wikipedia.org/wiki/List_of_S%26P_600_companies,2026-08-31,2
NWN,NW Natural,US,S&P 600,https://en.wikipedia.org/wiki/List_of_S%26P_600_companies,2026-08-31,2
NX,Quanex Building Products Corporation,US,S&P 600,https://en.wikipedia.org/wiki/List_of_S%26P_600_companies,2026-08-31,2
NXRT,"NexPoint Residential Trust, Inc.",US,S&P 600,https://en.wikipedia.org/wiki/List_of_S%26P_600_companies,2026-08-31,2
OFG,OFG Bancorp,US,S&P 600,https://en.wikipedia.org/wiki/List_of_S%26P_600_companies,2026-08-31,2
OGN,Organon & Co.,US,S&P 600,https://en.wikipedia.org/wiki/List_of_S%26P_600_companies,2026-08-31,2
OI,"O-I Glass, Inc.",US,S&P 600,https://en.wikipedia.org/wiki/List_of_S%26P_600_companies,2026-08-31,2
OII,"Oceaneering International, Inc.",US,S&P 600,https://en.wikipedia.org/wiki/List_of_S%26P_600_companies,2026-08-31,2
OMCL,Omnicell,US,S&P 600,https://en.wikipedia.org/wiki/List_of_S%26P_600_companies,2026-08-31,2
OPLN,"OPENLANE, Inc.",US,S&P 600,https://en.wikipedia.org/wiki/List_of_S%26P_600_companies,2026-08-31,2
OSIS,"OSI Systems, Inc.",US,S&P 600,https://en.wikipedia.org/wiki/List_of_S%26P_600_companies,2026-08-31,2
OSW,OneSpaWorld Holdings Limited,US,S&P 600,https://en.wikipedia.org/wiki/List_of_S%26P_600_companies,2026-08-31,2
OTTR,Otter Tail Corporation,US,S&P 600,https://en.wikipedia.org/wiki/List_of_S%26P_600_companies,2026-08-31,2
OUT,Outfront Media,US,S&P 600,https://en.wikipedia.org/wiki/List_of_S%26P_600_companies,2026-08-31,2
PAHC,Phibro Animal Health,US,S&P 600,https://en.wikipedia.org/wiki/List_of_S%26P_600_companies,2026-08-31,2
PARR,"Par Pacific Holdings, Inc.",US,S&P 600,https://en.wikipedia.org/wiki/List_of_S%26P_600_companies,2026-08-31,2
PATK,"Patrick Industries, Inc.",US,S&P 600,https://en.wikipedia.org/wiki/List_of_S%26P_600_companies,2026-08-31,2
PAYC,Paycom,US,S&P 600,https://en.wikipedia.org/wiki/List_of_S%26P_600_companies,2026-08-31,0
PAYO,Payoneer Global Inc.,US,S&P 600,https://en.wikipedia.org/wiki/List_of_S%26P_600_companies,2026-08-31,0
PBH,Prestige Consumer Healthcare,US,S&P 600,https://en.wikipedia.org/wiki/List_of_S%26P_600_companies,2026-08-31,2
PBI,"Pitney Bowes, Inc.",US,S&P 600,https://en.wikipedia.org/wiki/List_of_S%26P_600_companies,2026-08-31,2
PCRX,"Pacira BioSciences, Inc.",US,S&P 600,https://en.wikipedia.org/wiki/List_of_S%26P_600_companies,2026-08-31,2
PDFS,"PDF Solutions, Inc.",US,S&P 600,https://en.wikipedia.org/wiki/List_of_S%26P_600_companies,2026-08-31,2
PEB,Pebblebrook Hotel Trust,US,S&P 600,https://en.wikipedia.org/wiki/List_of_S%26P_600_companies,2026-08-31,2
PECO,Phillips Edison & Company,US,S&P 600,https://en.wikipedia.org/wiki/List_of_S%26P_600_companies,2026-08-31,2
PENG,"Penguin Solutions, Inc.",US,S&P 600,https://en.wikipedia.org/wiki/List_of_S%26P_600_companies,2026-08-31,2
PENN,Penn Entertainment,US,S&P 600,https://en.wikipedia.org/wiki/List_of_S%26P_600_companies,2026-08-31,2
PFBC,Preferred Bank,US,S&P 600,https://en.wikipedia.org/wiki/List_of_S%26P_600_companies,2026-08-31,2
PFS,"Provident Financial Services, Inc.",US,S&P 600,https://en.wikipedia.org/wiki/List_of_S%26P_600_companies,2026-08-31,2
PGNY,"Progyny, Inc.",US,S&P 600,https://en.wikipedia.org/wiki/List_of_S%26P_600_companies,2026-08-31,2
PHIN,"PHINIA, Inc.",US,S&P 600,https://en.wikipedia.org/wiki/List_of_S%26P_600_companies,2026-08-31,2
PI,"Impinj, Inc.",US,S&P 600,https://en.wikipedia.org/wiki/List_of_S%26P_600_companies,2026-08-31,2
PIPR,Piper Sandler Companies,US,S&P 600,https://en.wikipedia.org/wiki/List_of_S%26P_600_companies,2026-08-31,2
PJT,"PJT Partners, Inc.",US,S&P 600,https://en.wikipedia.org/wiki/List_of_S%26P_600_companies,2026-08-31,2
PLAB,"Photronics, Inc.",US,S&P 600,https://en.wikipedia.org/wiki/List_of_S%26P_600_companies,2026-08-31,0
PLMR,"Palomar Holdings, Inc.",US,S&P 600,https://en.wikipedia.org/wiki/List_of_S%26P_600_companies,2026-08-31,2
PLUS,"ePlus, Inc.",US,S&P 600,https://en.wikipedia.org/wiki/List_of_S%26P_600_companies,2026-08-31,2
PLXS,Plexus Corp.,US,S&P 600,https://en.wikipedia.org/wiki/List_of_S%26P_600_companies,2026-08-31,0
PMT,PennyMac Mortgage Investment Trust,US,S&P 600,https://en.wikipedia.org/wiki/List_of_S%26P_600_companies,2026-08-31,2
POOL,Pool Corporation,US,S&P 600,https://en.wikipedia.org/wiki/List_of_S%26P_600_companies,2026-08-31,2
POWI,Power Integrations,US,S&P 600,https://en.wikipedia.org/wiki/List_of_S%26P_600_companies,2026-08-31,0
POWL,"Powell Industries, Inc.",US,S&P 600,https://en.wikipedia.org/wiki/List_of_S%26P_600_companies,2026-08-31,0
PPLI,People Inc.,US,S&P 600,https://en.wikipedia.org/wiki/List_of_S%26P_600_companies,2026-08-31,2
PRDO,Perdoceo Education Corp.,US,S&P 600,https://en.wikipedia.org/wiki/List_of_S%26P_600_companies,2026-08-31,2
PRG,"PROG Holdings, Inc.",US,S&P 600,https://en.wikipedia.org/wiki/List_of_S%26P_600_companies,2026-08-31,2
PRGO,Perrigo,US,S&P 600,https://en.wikipedia.org/wiki/List_of_S%26P_600_companies,2026-08-31,2
PRGS,Progress Software Corporation,US,S&P 600,https://en.wikipedia.org/wiki/List_of_S%26P_600_companies,2026-08-31,2
PRIM,Primoris Services Corporation,US,S&P 600,https://en.wikipedia.org/wiki/List_of_S%26P_600_companies,2026-08-31,2
PRK,Park National Corp.,US,S&P 600,https://en.wikipedia.org/wiki/List_of_S%26P_600_companies,2026-08-31,2
PRKS,United Parks & Resorts,US,S&P 600,https://en.wikipedia.org/wiki/List_of_S%26P_600_companies,2026-08-31,2
PRLB,Protolabs,US,S&P 600,https://en.wikipedia.org/wiki/List_of_S%26P_600_companies,2026-08-31,2
PRSU,"Pursuit Attractions & Hospitality, Inc.",US,S&P 600,https://en.wikipedia.org/wiki/List_of_S%26P_600_companies,2026-08-31,2
PRVA,"Privia Health Group, Inc.",US,S&P 600,https://en.wikipedia.org/wiki/List_of_S%26P_600_companies,2026-08-31,2
PSMT,PriceSmart,US,S&P 600,https://en.wikipedia.org/wiki/List_of_S%26P_600_companies,2026-08-31,2
PTCT,"PTC Therapeutics, Inc.",US,S&P 600,https://en.wikipedia.org/wiki/List_of_S%26P_600_companies,2026-08-31,2
PTEN,"Patterson-UTI Energy, Inc.",US,S&P 600,https://en.wikipedia.org/wiki/List_of_S%26P_600_companies,2026-08-31,2
PTGX,"Protagonist Therapeutics, Inc.",US,S&P 600,https://en.wikipedia.org/wiki/List_of_S%26P_600_companies,2026-08-31,2
PTON,"Peloton Interactive, Inc.",US,S&P 600,https://en.wikipedia.org/wiki/List_of_S%26P_600_companies,2026-08-31,2
PZZA,Papa John's Pizza,US,S&P 600,https://en.wikipedia.org/wiki/List_of_S%26P_600_companies,2026-08-31,2
QDEL,QuidelOrtho,US,S&P 600,https://en.wikipedia.org/wiki/List_of_S%26P_600_companies,2026-08-31,2
QNST,"QuinStreet, Inc.",US,S&P 600,https://en.wikipedia.org/wiki/List_of_S%26P_600_companies,2026-08-31,2
QRVO,Qorvo,US,S&P 600,https://en.wikipedia.org/wiki/List_of_S%26P_600_companies,2026-08-31,0
QTWO,"Q2 Holdings, Inc.",US,S&P 600,https://en.wikipedia.org/wiki/List_of_S%26P_600_companies,2026-08-31,2
RAL,Ralliant Corp,US,S&P 600,https://en.wikipedia.org/wiki/List_of_S%26P_600_companies,2026-08-31,2
RAMP,"LiveRamp Holdings, Inc.",US,S&P 600,https://en.wikipedia.org/wiki/List_of_S%26P_600_companies,2026-08-31,2
RCUS,"Arcus Biosciences, Inc.",US,S&P 600,https://en.wikipedia.org/wiki/List_of_S%26P_600_companies,2026-08-31,2
RDN,"Radian Group, Inc.",US,S&P 600,https://en.wikipedia.org/wiki/List_of_S%26P_600_companies,2026-08-31,2
RDNT,"RadNet, Inc.",US,S&P 600,https://en.wikipedia.org/wiki/List_of_S%26P_600_companies,2026-08-31,2
RELY,Remitly,US,S&P 600,https://en.wikipedia.org/wiki/List_of_S%26P_600_companies,2026-08-31,0
RES,"RPC, Inc.",US,S&P 600,https://en.wikipedia.org/wiki/List_of_S%26P_600_companies,2026-08-31,2
REX,REX American Resources Corporation,US,S&P 600,https://en.wikipedia.org/wiki/List_of_S%26P_600_companies,2026-08-31,2
REYN,Reynolds Consumer Products,US,S&P 600,https://en.wikipedia.org/wiki/List_of_S%26P_600_companies,2026-08-31,2
REZI,"Resideo Technologies, Inc.",US,S&P 600,https://en.wikipedia.org/wiki/List_of_S%26P_600_companies,2026-08-31,2
RHI,Robert Half,US,S&P 600,https://en.wikipedia.org/wiki/List_of_S%26P_600_companies,2026-08-31,2
RHP,Ryman Hospitality Properties,US,S&P 600,https://en.wikipedia.org/wiki/List_of_S%26P_600_companies,2026-08-31,2
RITM,Rithm Capital,US,S&P 600,https://en.wikipedia.org/wiki/List_of_S%26P_600_companies,2026-08-31,2
RNG,"RingCentral, Inc.",US,S&P 600,https://en.wikipedia.org/wiki/List_of_S%26P_600_companies,2026-08-31,0
RNST,Renasant Corp.,US,S&P 600,https://en.wikipedia.org/wiki/List_of_S%26P_600_companies,2026-08-31,2
ROAD,"Construction Partners, Inc.",US,S&P 600,https://en.wikipedia.org/wiki/List_of_S%26P_600_companies,2026-08-31,2
ROCK,"Gibraltar Industries, Inc.",US,S&P 600,https://en.wikipedia.org/wiki/List_of_S%26P_600_companies,2026-08-31,2
ROG,Rogers Corporation,US,S&P 600,https://en.wikipedia.org/wiki/List_of_S%26P_600_companies,2026-08-31,2
RRR,"Red Rock Resorts, Inc.",US,S&P 600,https://en.wikipedia.org/wiki/List_of_S%26P_600_companies,2026-08-31,2
RSI,"Rush Street Interactive, Inc.",US,S&P 600,https://en.wikipedia.org/wiki/List_of_S%26P_600_companies,2026-08-31,2
RUN,Sunrun,US,S&P 600,https://en.wikipedia.org/wiki/List_of_S%26P_600_companies,2026-08-31,0
RUSHA,Rush Enterprises,US,S&P 600,https://en.wikipedia.org/wiki/List_of_S%26P_600_companies,2026-08-31,2
RXO,"RXO, Inc.",US,S&P 600,https://en.wikipedia.org/wiki/List_of_S%26P_600_companies,2026-08-31,2
SABR,Sabre,US,S&P 600,https://en.wikipedia.org/wiki/List_of_S%26P_600_companies,2026-08-31,2
SAFE,"Safehold, Inc.",US,S&P 600,https://en.wikipedia.org/wiki/List_of_S%26P_600_companies,2026-08-31,2
SAFT,"Safety Insurance Group, Inc.",US,S&P 600,https://en.wikipedia.org/wiki/List_of_S%26P_600_companies,2026-08-31,2
SAH,"Sonic Automotive, Inc.",US,S&P 600,https://en.wikipedia.org/wiki/List_of_S%26P_600_companies,2026-08-31,2
SBCF,Seacoast Banking Corporation of Florida,US,S&P 600,https://en.wikipedia.org/wiki/List_of_S%26P_600_companies,2026-08-31,2
SBH,"Sally Beauty Holdings, Inc.",US,S&P 600,https://en.wikipedia.org/wiki/List_of_S%26P_600_companies,2026-08-31,2
SBSI,"Southside Bancshares, Inc.",US,S&P 600,https://en.wikipedia.org/wiki/List_of_S%26P_600_companies,2026-08-31,2
SCHL,Scholastic Corporation,US,S&P 600,https://en.wikipedia.org/wiki/List_of_S%26P_600_companies,2026-08-31,2
SCL,Stepan Company,US,S&P 600,https://en.wikipedia.org/wiki/List_of_S%26P_600_companies,2026-08-31,2
SCSC,"ScanSource, Inc.",US,S&P 600,https://en.wikipedia.org/wiki/List_of_S%26P_600_companies,2026-08-31,2
SDGR,"Schrödinger, Inc.",US,S&P 600,https://en.wikipedia.org/wiki/List_of_S%26P_600_companies,2026-08-31,0
SEDG,SolarEdge,US,S&P 600,https://en.wikipedia.org/wiki/List_of_S%26P_600_companies,2026-08-31,0
SEI,"Solaris Energy Infrastructure, Inc.",US,S&P 600,https://en.wikipedia.org/wiki/List_of_S%26P_600_companies,2026-08-31,0
SEZL,Sezzle,US,S&P 600,https://en.wikipedia.org/wiki/List_of_S%26P_600_companies,2026-08-31,0
SFBS,"ServisFirst Bancshares, Inc.",US,S&P 600,https://en.wikipedia.org/wiki/List_of_S%26P_600_companies,2026-08-31,2
SFNC,Simmons First National Corporation,US,S&P 600,https://en.wikipedia.org/wiki/List_of_S%26P_600_companies,2026-08-31,2
SHAK,"Shake Shack, Inc.",US,S&P 600,https://en.wikipedia.org/wiki/List_of_S%26P_600_companies,2026-08-31,2
SHEN,Shenandoah Telecommunications Co,US,S&P 600,https://en.wikipedia.org/wiki/List_of_S%26P_600_companies,2026-08-31,2
SHO,"Sunstone Hotel Investors, Inc.",US,S&P 600,https://en.wikipedia.org/wiki/List_of_S%26P_600_companies,2026-08-31,2
SHOO,"Steven Madden, Ltd.",US,S&P 600,https://en.wikipedia.org/wiki/List_of_S%26P_600_companies,2026-08-31,2
SIG,Signet Jewelers,US,S&P 600,https://en.wikipedia.org/wiki/List_of_S%26P_600_companies,2026-08-31,2
SKT,"Tanger Factory Outlet Centers, Inc.",US,S&P 600,https://en.wikipedia.org/wiki/List_of_S%26P_600_companies,2026-08-31,2
SKY,"Champion Homes, Inc.",US,S&P 600,https://en.wikipedia.org/wiki/List_of_S%26P_600_companies,2026-08-31,2
SKYW,"SkyWest, Inc.",US,S&P 600,https://en.wikipedia.org/wiki/List_of_S%26P_600_companies,2026-08-31,2
SLG,SL Green Realty,US,S&P 600,https://en.wikipedia.org/wiki/List_of_S%26P_600_companies,2026-08-31,2
SLVM,Sylvamo Corp.,US,S&P 600,https://en.wikipedia.org/wiki/List_of_S%26P_600_companies,2026-08-31,2
SM,SM Energy Company,US,S&P 600,https://en.wikipedia.org/wiki/List_of_S%26P_600_companies,2026-08-31,2
SMP,"Standard Motor Products, Inc.",US,S&P 600,https://en.wikipedia.org/wiki/List_of_S%26P_600_companies,2026-08-31,2
SMPL,Simply Good Foods Company,US,S&P 600,https://en.wikipedia.org/wiki/List_of_S%26P_600_companies,2026-08-31,2
SNDR,Schneider National,US,S&P 600,https://en.wikipedia.org/wiki/List_of_S%26P_600_companies,2026-08-31,2
SNEX,StoneX Group Inc.,US,S&P 600,https://en.wikipedia.org/wiki/List_of_S%26P_600_companies,2026-08-31,2
SONO,"Sonos, Inc.",US,S&P 600,https://en.wikipedia.org/wiki/List_of_S%26P_600_companies,2026-08-31,2
SPHR,Sphere Entertainment,US,S&P 600,https://en.wikipedia.org/wiki/List_of_S%26P_600_companies,2026-08-31,2
SPNT,SiriusPoint Ltd.,US,S&P 600,https://en.wikipedia.org/wiki/List_of_S%26P_600_companies,2026-08-31,2
SPSC,"SPS Commerce, Inc.",US,S&P 600,https://en.wikipedia.org/wiki/List_of_S%26P_600_companies,2026-08-31,2
SRPT,Sarepta Therapeutics,US,S&P 600,https://en.wikipedia.org/wiki/List_of_S%26P_600_companies,2026-08-31,0
STAA,STAAR Surgical Company,US,S&P 600,https://en.wikipedia.org/wiki/List_of_S%26P_600_companies,2026-08-31,2
STBA,"S&T Bancorp, Inc.",US,S&P 600,https://en.wikipedia.org/wiki/List_of_S%26P_600_companies,2026-08-31,2
STC,Stewart Information Services Corporation,US,S&P 600,https://en.wikipedia.org/wiki/List_of_S%26P_600_companies,2026-08-31,2
STEP,StepStone Group,US,S&P 600,https://en.wikipedia.org/wiki/List_of_S%26P_600_companies,2026-08-31,2
STRA,"Strategic Education, Inc.",US,S&P 600,https://en.wikipedia.org/wiki/List_of_S%26P_600_companies,2026-08-31,2
SUPN,"Supernus Pharmaceuticals, Inc.",US,S&P 600,https://en.wikipedia.org/wiki/List_of_S%26P_600_companies,2026-08-31,2
SXI,Standex International Corporation,US,S&P 600,https://en.wikipedia.org/wiki/List_of_S%26P_600_companies,2026-08-31,2
SXT,Sensient Technologies,US,S&P 600,https://en.wikipedia.org/wiki/List_of_S%26P_600_companies,2026-08-31,2
TALO,"Talos Energy, Inc.",US,S&P 600,https://en.wikipedia.org/wiki/List_of_S%26P_600_companies,2026-08-31,2
TBBK,"The Bancorp, Inc.",US,S&P 600,https://en.wikipedia.org/wiki/List_of_S%26P_600_companies,2026-08-31,2
TDC,Teradata,US,S&P 600,https://en.wikipedia.org/wiki/List_of_S%26P_600_companies,2026-08-31,2
TDS,"Telephone and Data Systems, Inc.",US,S&P 600,https://en.wikipedia.org/wiki/List_of_S%26P_600_companies,2026-08-31,2
TDW,"Tidewater, Inc.",US,S&P 600,https://en.wikipedia.org/wiki/List_of_S%26P_600_companies,2026-08-31,2
TFIN,"Triumph Bancorp, Inc.",US,S&P 600,https://en.wikipedia.org/wiki/List_of_S%26P_600_companies,2026-08-31,2
TFX,Teleflex,US,S&P 600,https://en.wikipedia.org/wiki/List_of_S%26P_600_companies,2026-08-31,2
TGTX,"TG Therapeutics, Inc.",US,S&P 600,https://en.wikipedia.org/wiki/List_of_S%26P_600_companies,2026-08-31,0
THRM,Gentherm Incorporated,US,S&P 600,https://en.wikipedia.org/wiki/List_of_S%26P_600_companies,2026-08-31,2
TILE,"Interface, Inc.",US,S&P 600,https://en.wikipedia.org/wiki/List_of_S%26P_600_companies,2026-08-31,2
TMDX,"TransMedics Group, Inc.",US,S&P 600,https://en.wikipedia.org/wiki/List_of_S%26P_600_companies,2026-08-31,0
TMP,Tompkins Financial Corporation,US,S&P 600,https://en.wikipedia.org/wiki/List_of_S%26P_600_companies,2026-08-31,2
TNC,Tennant Company,US,S&P 600,https://en.wikipedia.org/wiki/List_of_S%26P_600_companies,2026-08-31,2
TNDM,Tandem Diabetes Care,US,S&P 600,https://en.wikipedia.org/wiki/List_of_S%26P_600_companies,2026-08-31,0
TPC,Tutor Perini Corporation,US,S&P 600,https://en.wikipedia.org/wiki/List_of_S%26P_600_companies,2026-08-31,2
TR,"Tootsie Roll Industries, Inc.",US,S&P 600,https://en.wikipedia.org/wiki/List_of_S%26P_600_companies,2026-08-31,2
TRIP,TripAdvisor,US,S&P 600,https://en.wikipedia.org/wiki/List_of_S%26P_600_companies,2026-08-31,2
TRMK,Trustmark Corp.,US,S&P 600,https://en.wikipedia.org/wiki/List_of_S%26P_600_companies,2026-08-31,2
TRN,"Trinity Industries, Inc.",US,S&P 600,https://en.wikipedia.org/wiki/List_of_S%26P_600_companies,2026-08-31,2
TRNO,Terreno Realty Corporation,US,S&P 600,https://en.wikipedia.org/wiki/List_of_S%26P_600_companies,2026-08-31,2
TRST,TrustCo Bank Corp NY,US,S&P 600,https://en.wikipedia.org/wiki/List_of_S%26P_600_companies,2026-08-31,2
TRUP,Trupanion,US,S&P 600,https://en.wikipedia.org/wiki/List_of_S%26P_600_companies,2026-08-31,2
UA,Under Armour (Class C),US,S&P 600,https://en.wikipedia.org/wiki/List_of_S%26P_600_companies,2026-08-31,2
UAA,Under Armour (Class A),US,S&P 600,https://en.wikipedia.org/wiki/List_of_S%26P_600_companies,2026-08-31,2
UCB,"United Community Banks, Inc.",US,S&P 600,https://en.wikipedia.org/wiki/List_of_S%26P_600_companies,2026-08-31,2
UCTT,"Ultra Clean Holdings, Inc.",US,S&P 600,https://en.wikipedia.org/wiki/List_of_S%26P_600_companies,2026-08-31,0
UE,Urban Edge Properties,US,S&P 600,https://en.wikipedia.org/wiki/List_of_S%26P_600_companies,2026-08-31,2
UFCS,"United Fire Group, Inc.",US,S&P 600,https://en.wikipedia.org/wiki/List_of_S%26P_600_companies,2026-08-31,2
UFPT,"UFP Technologies, Inc.",US,S&P 600,https://en.wikipedia.org/wiki/List_of_S%26P_600_companies,2026-08-31,2
UNF,UniFirst Corporation,US,S&P 600,https://en.wikipedia.org/wiki/List_of_S%26P_600_companies,2026-08-31,2
UNFI,United Natural Foods Inc,US,S&P 600,https://en.wikipedia.org/wiki/List_of_S%26P_600_companies,2026-08-31,0
UNIT,Uniti Group,US,S&P 600,https://en.wikipedia.org/wiki/List_of_S%26P_600_companies,2026-08-31,2
UPBD,"Upbound Group, Inc.",US,S&P 600,https://en.wikipedia.org/wiki/List_of_S%26P_600_companies,2026-08-31,2
UPWK,"Upwork, Inc.",US,S&P 600,https://en.wikipedia.org/wiki/List_of_S%26P_600_companies,2026-08-31,2
URBN,"Urban Outfitters, Inc.",US,S&P 600,https://en.wikipedia.org/wiki/List_of_S%26P_600_companies,2026-08-31,2
USLM,"United States Lime & Minerals, Inc.",US,S&P 600,https://en.wikipedia.org/wiki/List_of_S%26P_600_companies,2026-08-31,2
USPH,"U.S. Physical Therapy, Inc.",US,S&P 600,https://en.wikipedia.org/wiki/List_of_S%26P_600_companies,2026-08-31,2
UTI,Universal Technical Institute,US,S&P 600,https://en.wikipedia.org/wiki/List_of_S%26P_600_companies,2026-08-31,2
UTL,Unitil Corporation,US,S&P 600,https://en.wikipedia.org/wiki/List_of_S%26P_600_companies,2026-08-31,2
UVV,Universal Corporation,US,S&P 600,https://en.wikipedia.org/wiki/List_of_S%26P_600_companies,2026-08-31,2
VAC,Marriott Vacations Worldwide,US,S&P 600,https://en.wikipedia.org/wiki/List_of_S%26P_600_companies,2026-08-31,2
VCEL,Vericel,US,S&P 600,https://en.wikipedia.org/wiki/List_of_S%26P_600_companies,2026-08-31,2
VCTR,"Victory Capital Holdings, Inc.",US,S&P 600,https://en.wikipedia.org/wiki/List_of_S%26P_600_companies,2026-08-31,2
VCYT,"Veracyte, Inc.",US,S&P 600,https://en.wikipedia.org/wiki/List_of_S%26P_600_companies,2026-08-31,2
VECO,Veeco Instruments Inc.,US,S&P 600,https://en.wikipedia.org/wiki/List_of_S%26P_600_companies,2026-08-31,0
VGNT,Versigent PLC,US,S&P 600,https://en.wikipedia.org/wiki/List_of_S%26P_600_companies,2026-08-31,2
VIR,"Vir Biotechnology, Inc.",US,S&P 600,https://en.wikipedia.org/wiki/List_of_S%26P_600_companies,2026-08-31,2
VIRT,"Virtu Financial, Inc.",US,S&P 600,https://en.wikipedia.org/wiki/List_of_S%26P_600_companies,2026-08-31,2
VRRM,Verra Mobility Corporation,US,S&P 600,https://en.wikipedia.org/wiki/List_of_S%26P_600_companies,2026-08-31,2
VRTS,"Virtus Investment Partners, Inc.",US,S&P 600,https://en.wikipedia.org/wiki/List_of_S%26P_600_companies,2026-08-31,2
VSAT,"Viasat, Inc.",US,S&P 600,https://en.wikipedia.org/wiki/List_of_S%26P_600_companies,2026-08-31,0
VSEC,VSE Corporation,US,S&P 600,https://en.wikipedia.org/wiki/List_of_S%26P_600_companies,2026-08-31,2
VSH,Vishay Intertechnology,US,S&P 600,https://en.wikipedia.org/wiki/List_of_S%26P_600_companies,2026-08-31,2
VSNT,"Versant Media Group, Inc.",US,S&P 600,https://en.wikipedia.org/wiki/List_of_S%26P_600_companies,2026-08-31,2
VSTS,Vestis,US,S&P 600,https://en.wikipedia.org/wiki/List_of_S%26P_600_companies,2026-08-31,2
VSXY,Victoria's Secret,US,S&P 600,https://en.wikipedia.org/wiki/List_of_S%26P_600_companies,2026-08-31,2
VTOL,Bristow Group Inc.,US,S&P 600,https://en.wikipedia.org/wiki/List_of_S%26P_600_companies,2026-08-31,2
VVX,"V2X, Inc.",US,S&P 600,https://en.wikipedia.org/wiki/List_of_S%26P_600_companies,2026-08-31,2
VYX,NCR Voyix,US,S&P 600,https://en.wikipedia.org/wiki/List_of_S%26P_600_companies,2026-08-31,2
WABC,Westamerica Bank,US,S&P 600,https://en.wikipedia.org/wiki/List_of_S%26P_600_companies,2026-08-31,2
WAFD,"WaFd, Inc.",US,S&P 600,https://en.wikipedia.org/wiki/List_of_S%26P_600_companies,2026-08-31,2
WAY,Waystar Holding Corp,US,S&P 600,https://en.wikipedia.org/wiki/List_of_S%26P_600_companies,2026-08-31,2
WD,"Walker & Dunlop, Inc.",US,S&P 600,https://en.wikipedia.org/wiki/List_of_S%26P_600_companies,2026-08-31,2
WDFC,WD-40 Company,US,S&P 600,https://en.wikipedia.org/wiki/List_of_S%26P_600_companies,2026-08-31,2
WEN,The Wendy's Company,US,S&P 600,https://en.wikipedia.org/wiki/List_of_S%26P_600_companies,2026-08-31,2
WERN,Werner Enterprises,US,S&P 600,https://en.wikipedia.org/wiki/List_of_S%26P_600_companies,2026-08-31,2
WGO,"Winnebago Industries, Inc.",US,S&P 600,https://en.wikipedia.org/wiki/List_of_S%26P_600_companies,2026-08-31,2
WHD,"Cactus, Inc.",US,S&P 600,https://en.wikipedia.org/wiki/List_of_S%26P_600_companies,2026-08-31,2
WINA,Winmark,US,S&P 600,https://en.wikipedia.org/wiki/List_of_S%26P_600_companies,2026-08-31,2
WKC,World Kinect Corporation,US,S&P 600,https://en.wikipedia.org/wiki/List_of_S%26P_600_companies,2026-08-31,2
WLY,John Wiley & Sons,US,S&P 600,https://en.wikipedia.org/wiki/List_of_S%26P_600_companies,2026-08-31,2
WOR,Worthington Enterprises,US,S&P 600,https://en.wikipedia.org/wiki/List_of_S%26P_600_companies,2026-08-31,2
WRBY,Warby Parker,US,S&P 600,https://en.wikipedia.org/wiki/List_of_S%26P_600_companies,2026-08-31,2
WRLD,World Acceptance Corporation,US,S&P 600,https://en.wikipedia.org/wiki/List_of_S%26P_600_companies,2026-08-31,2
WS,Worthington Steel,US,S&P 600,https://en.wikipedia.org/wiki/List_of_S%26P_600_companies,2026-08-31,2
WSBC,WesBanco,US,S&P 600,https://en.wikipedia.org/wiki/List_of_S%26P_600_companies,2026-08-31,2
WSC,WillScot Holdings Corp.,US,S&P 600,https://en.wikipedia.org/wiki/List_of_S%26P_600_companies,2026-08-31,2
WSFS,WSFS Financial Corporation,US,S&P 600,https://en.wikipedia.org/wiki/List_of_S%26P_600_companies,2026-08-31,2
WT,"WisdomTree Investments, Inc.",US,S&P 600,https://en.wikipedia.org/wiki/List_of_S%26P_600_companies,2026-08-31,2
WU,Western Union,US,S&P 600,https://en.wikipedia.org/wiki/List_of_S%26P_600_companies,2026-08-31,2
WWW,"Wolverine World Wide, Inc.",US,S&P 600,https://en.wikipedia.org/wiki/List_of_S%26P_600_companies,2026-08-31,2
XHR,"Xenia Hotels & Resorts, Inc.",US,S&P 600,https://en.wikipedia.org/wiki/List_of_S%26P_600_companies,2026-08-31,2
XNCR,Xencor Inc,US,S&P 600,https://en.wikipedia.org/wiki/List_of_S%26P_600_companies,2026-08-31,2
XPEL,"XPEL, Inc.",US,S&P 600,https://en.wikipedia.org/wiki/List_of_S%26P_600_companies,2026-08-31,2
YELP,"Yelp, Inc.",US,S&P 600,https://en.wikipedia.org/wiki/List_of_S%26P_600_companies,2026-08-31,2
YOU,"Clear Secure, Inc.",US,S&P 600,https://en.wikipedia.org/wiki/List_of_S%26P_600_companies,2026-08-31,0
ZD,Ziff Davis,US,S&P 600,https://en.wikipedia.org/wiki/List_of_S%26P_600_companies,2026-08-31,2
ZWS,Zurn Elkay Water Solutions Corp.,US,S&P 600,https://en.wikipedia.org/wiki/List_of_S%26P_600_companies,2026-08-31,2
